-- phpMyAdmin SQL Dump
-- version 4.3.11
-- http://www.phpmyadmin.net
--
-- Host: 127.0.0.1
-- Generation Time: 09 Nov 2021 pada 13.52
-- Versi Server: 5.6.24
-- PHP Version: 5.6.8

SET SQL_MODE = "NO_AUTO_VALUE_ON_ZERO";
SET time_zone = "+00:00";


/*!40101 SET @OLD_CHARACTER_SET_CLIENT=@@CHARACTER_SET_CLIENT */;
/*!40101 SET @OLD_CHARACTER_SET_RESULTS=@@CHARACTER_SET_RESULTS */;
/*!40101 SET @OLD_COLLATION_CONNECTION=@@COLLATION_CONNECTION */;
/*!40101 SET NAMES utf8 */;

--
--

-- --------------------------------------------------------

--
-- Struktur dari tabel `history_login`
--

CREATE TABLE IF NOT EXISTS `history_login` (
  `id_login` int(11) NOT NULL,
  `username_login` varchar(20) NOT NULL,
  `password_login` varchar(20) NOT NULL,
  `status_login` enum('Y','N') NOT NULL,
  `added_login` int(11) NOT NULL
) ENGINE=MyISAM AUTO_INCREMENT=939 DEFAULT CHARSET=latin1;

--
-- Dumping data untuk tabel `history_login`
--

INSERT INTO `history_login` (`id_login`, `username_login`, `password_login`, `status_login`, `added_login`) VALUES
(1, 'pimpinan', 'pimpinan123*', 'Y', 1586736108),
(2, 'guru', 'guru123*', 'Y', 1586736191),
(3, 'pimpinan', 'pimpinqn123*', 'N', 1586736461),
(4, 'pimpinan', 'pimpinqn123*', 'N', 1586736473),
(5, 'pimpinan', 'pimpinan123*', 'Y', 1586736489),
(6, '0022553279', '0022553279123*', 'Y', 1586736567),
(7, 'guru', 'guru123*', 'Y', 1586736641),
(8, '0033663048', '0033663048123*', 'Y', 1586736741),
(9, '0027817461', '0027817461123*', 'Y', 1586738112),
(10, '0033663048', '0033663048123*', 'Y', 1586738680),
(11, '0027817461', '0027817461123*', 'Y', 1586739003),
(12, '0002447419', '0002447419123*', 'Y', 1586739599),
(13, 'pimpinan', 'pimpinan123*', 'Y', 1586739701),
(14, 'pimpinan', 'pimpinan123*', 'Y', 1586740107),
(15, 'guru', 'guru123*', 'Y', 1586741029),
(16, 'pimpinan', 'pimpinan123*', 'Y', 1586741064),
(17, 'pimpinan', 'pimpinan123*', 'Y', 1586741156),
(18, 'pimpinan', 'pimpinan123*', 'Y', 1586741408),
(19, '0002704857', '850257*123*', 'N', 1586742010),
(20, '0027817461', '0027817461123*', 'Y', 1586742064),
(21, '0002704857', '850257123*', 'N', 1586742099),
(22, 'MULIADI', '850257123*', 'N', 1586742189),
(23, '0002704857', '850257*123*', 'N', 1586742303),
(24, '0026530786', '0026530786123*', 'Y', 1586742455),
(25, '0024719866', '0024719866123*', 'Y', 1586742471),
(26, 'pimpinan', 'pimpinan123*', 'Y', 1586742824),
(27, '0002704857', '0002704857123*', 'Y', 1586742936),
(28, 'pimpinan', 'pimpinan123*', 'Y', 1586743061),
(29, '0033663048', '0033663948123*', 'N', 1586743389),
(30, '0033663048', '0033663048123*', 'Y', 1586743457),
(31, '0027321509', '0027321509123*', 'Y', 1586743866),
(32, '3033938942', '3033938942123*', 'Y', 1586743890),
(33, '3027737139', '3027737139123*', 'Y', 1586744087),
(34, '0054933905', '0054933905123*', 'Y', 1586744106),
(35, '0026530786', '0026530786123*', 'Y', 1586744460),
(36, '0017634030', '0017634030123*', 'Y', 1586744497),
(37, '0026530786', '0026530786123*', 'Y', 1586744500),
(38, '3033695508', '3033695508123*', 'Y', 1586744539),
(39, '3026820723', '3026820723123*', 'Y', 1586744539),
(40, '0002480319', '0002480319123*', 'Y', 1586744703),
(41, '3033938942', '3033938942123*', 'Y', 1586744995),
(42, '0009626971', '0009626971123*', 'Y', 1586745267),
(43, '0009626971', '0009626971123*', 'Y', 1586745269),
(44, '0054933905', '0054933905123*', 'Y', 1586745276),
(45, '3033695508', '3033695508123*', 'Y', 1586745741),
(46, '0017634030', '0017634030123*', 'Y', 1586745879),
(47, '0022553311', '0022553311123*', 'Y', 1586746388),
(48, '029681559', '029681559123*', 'N', 1586746752),
(49, '0029681559', '0029681559123*', 'Y', 1586746794),
(50, '0028599637', 'oo28599637123*', 'N', 1586746815),
(51, '0024824341', '0024824341123*', 'Y', 1586746824),
(52, '0024824341', '0024824341123*', 'Y', 1586746835),
(53, '0021765381', '0021765381123*', 'Y', 1586746858),
(54, '0028599637', '0028599637123*', 'Y', 1586746862),
(55, '3022190499', '3022190499123*', 'Y', 1586746877),
(56, '0021003343', '0021003343123*', 'Y', 1586746934),
(57, 'Andriani', '0030258686123*', 'N', 1586746980),
(58, '3014262051', '3014262051123*', 'Y', 1586747015),
(59, 'ANDRIANI', '0030258686123*', 'N', 1586747025),
(60, '22553338', '22553338123*', 'N', 1586747107),
(61, '0022553338', '0022553338123*', 'Y', 1586747191),
(62, 'ANDRIANI', '0030258686123*', 'N', 1586747230),
(63, 'ANDRIANI', '0030258686123*', 'N', 1586747251),
(64, 'ANDRIANI', '0030258686123*', 'N', 1586747255),
(65, 'ANDRIANI', '0030258686123*', 'N', 1586747259),
(66, 'ANDRIANI', '0030258686123*', 'N', 1586747264),
(67, '0022553287', '0022553287123*', 'Y', 1586747289),
(68, '0017474728', '0017474728123*', 'Y', 1586747377),
(69, '0024923050', '0024923050123*', 'Y', 1586747539),
(70, '0023357067', '0023357067123*', 'Y', 1586747811),
(71, '0021765381', '0021765381123*', 'Y', 1586747824),
(72, '3020240385', '3020250385123*', 'N', 1586747854),
(73, '0036362477', '0036362477123*', 'Y', 1586747873),
(74, '0026599721', '0026599721123*', 'Y', 1586747993),
(75, '3020240385', '3020240385123*', 'Y', 1586747998),
(76, '0023357077', '0023357077123*', 'Y', 1586748036),
(77, '0003285716', '0003285716123*', 'Y', 1586748041),
(78, '0036362477', '0036362477123*', 'Y', 1586748078),
(79, '0036362477', '0036362477123*', 'Y', 1586748106),
(80, '0023358679', '0023358679123*', 'Y', 1586748166),
(81, 'ANDRIANI', '0030258686123*', 'N', 1586748187),
(82, '0022553273', '0022553273123*', 'Y', 1586748446),
(83, '0033663048', '0033663048123*', 'Y', 1586748536),
(84, 'guru', 'guru123*', 'Y', 1586748735),
(85, '3018229923', '3018229923123*', 'Y', 1586748899),
(86, '3018229923', '3018229923123*', 'Y', 1586748906),
(87, '3018229923', '3018229923123*', 'Y', 1586748908),
(88, '0009626971', '0009626971123*', 'Y', 1586748990),
(89, '0013810475', '0013810475123*', 'Y', 1586749008),
(90, '0013810475', '0013810475123*', 'Y', 1586749026),
(91, '0021096128', '0021096128123*', 'Y', 1586749056),
(92, '0002480319', '0002480319123*', 'Y', 1586749077),
(93, 'ANDRIANI', '0030258686123*', 'N', 1586749140),
(94, '0022051746', '0022051746123*', 'Y', 1586749146),
(95, '0022051746', '0022051746123*', 'Y', 1586749360),
(96, '0033663048', '0033663048123*', 'Y', 1586749417),
(97, '0022051746', '0022051746123*', 'Y', 1586749454),
(98, '0024804952', '0024123*', 'N', 1586749579),
(99, '0024804952', '0024123*', 'N', 1586749612),
(100, '0024804952', '0024123*', 'N', 1586749646),
(101, '0038831496', '0038831496123*', 'Y', 1586749665),
(102, '0034475016', '0034475016123*', 'Y', 1586749760),
(103, '0024804952', '0024804952123*', 'Y', 1586749812),
(104, '0021415965', '0021415965123*', 'Y', 1586749897),
(105, '0021765381', '0021765381123*', 'Y', 1586749903),
(106, '0029681559', '0029681559123*', 'Y', 1586749971),
(107, '0021765381', '0021765381123*', 'Y', 1586749972),
(108, '0038831496', '0038831496123*', 'Y', 1586749980),
(109, '0021765381', '0021765381123*', 'Y', 1586750029),
(110, '0024804952', '0024804952123*', 'Y', 1586750131),
(111, '3018229923', '3018229923123*', 'Y', 1586750135),
(112, '0022553204', '0022553204123*', 'Y', 1586750469),
(113, '0023357083', '0023357083123*', 'Y', 1586750536),
(114, '0033663048', '0033663048123*', 'Y', 1586750633),
(115, '0026599721', '0026599721123*', 'Y', 1586750655),
(116, '0033663048', '0033663048123*', 'Y', 1586750664),
(117, '0033663048', '0033663048123*', 'Y', 1586750694),
(118, '0024923050', '0024923050123*', 'Y', 1586750739),
(119, '0021765381', '0021765381123*', 'Y', 1586750740),
(120, '0022553287', '0022553287123*', 'Y', 1586750764),
(121, '0026599721', '0026599721123*', 'Y', 1586750852),
(122, '0022553287', '0022553287123*', 'Y', 1586750854),
(123, '0026599721', '0026599721123*', 'Y', 1586750912),
(124, '0032058686', '0032058686123*', 'N', 1586750934),
(125, '0026599721', '0026599721123*', 'Y', 1586750977),
(126, '0030258686', '0030258686123*', 'N', 1586751010),
(127, 'guru', 'guru123*', 'Y', 1586751023),
(128, '0026599721', '0026599721123*', 'Y', 1586751047),
(129, '0030258686', '0030258686123*', 'N', 1586751139),
(130, '0030258686', '0030258686123*', 'N', 1586751180),
(131, '0022553338', '0022553338123*', 'Y', 1586751205),
(132, '0024824341', '0024824341123*', 'Y', 1586751221),
(133, '0024923050', '0024923050123*', 'Y', 1586751262),
(134, '0003285716', '0003285716123*', 'Y', 1586751271),
(135, '0003285716', '0003285716123*', 'Y', 1586751310),
(136, '0003285716', '0003285716123*', 'Y', 1586751319),
(137, '0030258686', '0030258686123*', 'Y', 1586751381),
(138, '0024923050', '0024923050123*', 'Y', 1586751381),
(139, 'guru', 'guru123*', 'Y', 1586751556),
(140, '0030258686', '0030258686123*', 'Y', 1586751597),
(141, '0022553204', '0022553204123*', 'Y', 1586751650),
(142, '0029882580', '0029882580123*', 'Y', 1586751684),
(143, '0026599721', '0026599721123*', 'Y', 1586751725),
(144, '3033695508', '3033695508123*', 'Y', 1586751725),
(145, '0036362477', '0036362477123*', 'Y', 1586751726),
(146, '0026599721', '0026599721123*', 'Y', 1586751803),
(147, '3018229923', '3018229923123*', 'Y', 1586751808),
(148, '0029882580', '0029882580123*', 'Y', 1586752034),
(149, '0028599637', '0028599637123*', 'Y', 1586752079),
(150, '0022553338', '0022553338123*', 'Y', 1586752157),
(151, '0022553338', '0022553338123*', 'Y', 1586752304),
(152, '0033663048', '0033663048123*', 'Y', 1586752344),
(153, '0003385716', '0003385716123*', 'N', 1586752543),
(154, '0022553338', '0022553338123*', 'Y', 1586752576),
(155, '0029882580', '0029882580123*', 'Y', 1586752622),
(156, '0003285716', '0003285716123*', 'Y', 1586752625),
(157, '0033663048', '0033663048123*', 'Y', 1586752645),
(158, '0022553279', '0022553279123*', 'Y', 1586752722),
(159, '0021765381', '0021765381123*', 'Y', 1586752785),
(160, '0028599637', '0028599637123*', 'Y', 1586752923),
(161, '0021765381', '0021765381123*', 'Y', 1586753010),
(162, '3033938942', '3033938942123*', 'Y', 1586753257),
(163, '0023358679', '0023358679123*', 'Y', 1586753826),
(164, '0029882580', '0029882580123*', 'Y', 1586754096),
(165, '0026925681', '182479*123*', 'N', 1586754132),
(166, 'K0909012700374', '182479*123*', 'N', 1586754242),
(167, 'K0909012700374', '182479*123*', 'N', 1586754244),
(168, '0029882580', '0029882580123*', 'Y', 1586754713),
(169, '0026925681', '0026925681123*', 'Y', 1586754726),
(170, 'Copas', '0026925681123*', 'N', 1586754943),
(171, 'pimpinan', 'pimpinan123*', 'Y', 1586754958),
(172, '0026925681', '0026925681123*', 'Y', 1586755003),
(173, '0054933905', '0054933905123*', 'Y', 1586755044),
(174, '0023357067', '0023357067123*', 'Y', 1586755766),
(175, '0036362477', '0036362477123*', 'Y', 1586756210),
(176, '0028599637', '0028599637123*', 'Y', 1586756620),
(177, 'guru', 'guru123*', 'Y', 1586756751),
(178, '0036362477', '0036362477123*', 'Y', 1586759473),
(179, '0022553279', '0022553279123*', 'Y', 1586759514),
(180, '0026530786', '0026530786123*', 'Y', 1586759819),
(181, '3026820723', '3026820723123*', 'Y', 1586759837),
(182, '3026820723', '3026820723123*', 'Y', 1586759839),
(183, '3026820723', '3026820723123*', 'Y', 1586759840),
(184, '0026530786', '0026530786123*', 'Y', 1586759845),
(185, '0022553279', '0022553279123*', 'Y', 1586759986),
(186, '0022553279', '0022553279123*', 'Y', 1586760054),
(187, '0002704857', '0002704857123*', 'Y', 1586760693),
(188, '0023358679', '0023358679123*', 'Y', 1586760843),
(189, '3022190499', '3022190499123*', 'Y', 1586760957),
(190, '0022553204', '0022553204123*', 'Y', 1586761136),
(191, 'guru', 'guru123*', 'Y', 1586761296),
(192, '3027737139', '3027737139123*', 'Y', 1586762355),
(193, '0027817461', '0027817461123*', 'Y', 1586763340),
(194, '0024176972', '0024176972123*', 'Y', 1586763774),
(195, '0024176972', '0024176972123*', 'Y', 1586763832),
(196, '0009626971', '0009626971123*', 'Y', 1586763988),
(197, '0024176972', '0024176972123*', 'Y', 1586764017),
(198, 'guru', 'guru123*', 'Y', 1586764136),
(199, '0015077171', '0015077171123*', 'Y', 1586765021),
(200, '0024824341', '0024824341123*', 'Y', 1586765419),
(201, '0015077171', '0015077171123*', 'Y', 1586765592),
(202, '0015077171', '0015077171123*', 'Y', 1586765672),
(203, '0015077171', '0015077171123*', 'Y', 1586765689),
(204, '0015077171', '0015077171123*', 'Y', 1586767228),
(205, '0015077171', '0015077171123*', 'Y', 1586767406),
(206, '0015077171', '0015077171123*', 'Y', 1586767439),
(207, '3026820723', '3026820723123*', 'Y', 1586768024),
(208, '0026530786', '0026530786123*', 'Y', 1586769701),
(209, '0026530786', '0026530786123*', 'Y', 1586769758),
(210, 'guru', 'guru123*', 'Y', 1586770497),
(211, '0013810475', '0013810475123*', 'Y', 1586770698),
(212, '0013810475', '0013810475123*', 'Y', 1586770766),
(213, '0021765381', '0021765381123*', 'Y', 1586772779),
(214, '0026530248', '0026530248123*', 'Y', 1586775204),
(215, '0014761729', '0014761729123*', 'Y', 1586776785),
(216, '0022553303', '0022553303123*', 'Y', 1586779160),
(217, '0018955564', '0018955564123*', 'Y', 1586779449),
(218, '0036362477', '0036362477123*', 'Y', 1586780609),
(219, '0021464131', '0021464131123*', 'Y', 1586780772),
(220, '0022553279', '0022553279123*', 'Y', 1586780826),
(221, '0029882580', '0029882580123*', 'Y', 1586781792),
(222, '0015110982', '0015110982123*', 'Y', 1586782496),
(223, '0015110982', '0015110982123*', 'Y', 1586782893),
(224, '3018229923', '3018229923123*', 'Y', 1586786034),
(225, 'guru', 'guru123*', 'Y', 1586788311),
(226, '0015077171', '0015077171123*', 'Y', 1586790141),
(227, '0015077171', '0015077171123*', 'Y', 1586790186),
(228, '0015077171', '0015077171123*', 'Y', 1586790305),
(229, '0041214593', '0041214593123*', 'Y', 1586791917),
(230, '0041214593', '0041214593123*', 'Y', 1586792589),
(231, 'guru', 'guru123*', 'Y', 1586792831),
(232, '0041214593', '0041214593123*', 'Y', 1586793398),
(233, 'guru', 'GURU123*', 'N', 1586793446),
(234, 'guru', 'guru123*', 'Y', 1586793455),
(235, '0041214593', '0041214593123*', 'Y', 1586793515),
(236, 'guru', 'guru123*', 'Y', 1586793569),
(237, '0017634030', '0017634040123*', 'N', 1586794036),
(238, '0017634030', '0017634030123*', 'Y', 1586794071),
(239, 'guru', 'guru123*', 'Y', 1586818241),
(240, 'guru', 'guru123*', 'Y', 1586820955),
(241, '0022553279', '0022553279123*', 'Y', 1586821372),
(242, '0022553279', '0022553279123*', 'Y', 1586821463),
(243, '0002447419', '0002447419123*', 'Y', 1586824684),
(244, '0026530248', '0026530248123*', 'Y', 1586824998),
(245, '0027817461', '0027817461123*', 'Y', 1586825489),
(246, 'guru', 'guru123*', 'Y', 1586825770),
(247, '0029882580', '0029882580123*', 'Y', 1586826027),
(248, '0029681559', '0029681559123*', 'Y', 1586826081),
(249, 'guru', 'guru123*', 'Y', 1586826930),
(250, '0026530786', '0026530786123*', 'Y', 1586827948),
(251, 'guru', 'guru123*', 'Y', 1586828114),
(252, '0009626971', '0009626971123*', 'Y', 1586828424),
(253, '0003285716', '0003285716123*', 'Y', 1586828860),
(254, '0003285716', '0003285716123*', 'Y', 1586828892),
(255, '0023358679', '0023358679123*', 'Y', 1586829220),
(256, '0021765381', '0021765381123*', 'Y', 1586829253),
(257, '0023357077', '0023357077123*', 'Y', 1586829377),
(258, '0023357067', '0023357067123*', 'Y', 1586829401),
(259, '0023357077', '0023357077123*', 'Y', 1586829508),
(260, '0029681559', '0029681559123*', 'Y', 1586829605),
(261, '0018955564', '0018955564123*', 'Y', 1586829768),
(262, '0034475016', '0034475016123*', 'Y', 1586829866),
(263, '0038831496', '0038831496123*', 'Y', 1586829936),
(264, '0002704857', '0002704857123*', 'Y', 1586830201),
(265, '0022553311', '0022553311123*', 'Y', 1586830679),
(266, '0014761729', '0014761729123*', 'Y', 1586830706),
(267, '0023357067', '0023357067123*', 'Y', 1586830805),
(268, '0023357067', '0023357067123*', 'Y', 1586830808),
(269, '0024923050', '0024923050123*', 'Y', 1586830871),
(270, '0026925681', '0026925681123*', 'Y', 1586830876),
(271, '0027321509', '0027321509123*', 'Y', 1586830922),
(272, '0024719866', '0024719866123*', 'Y', 1586831096),
(273, '0024923050', '0024923050123*', 'Y', 1586831112),
(274, '0024923050', '0024923050123*', 'Y', 1586831203),
(275, '0021765381', '0021765381123*', 'Y', 1586831403),
(276, '0024923050', '0024923050123*', 'Y', 1586831437),
(277, '0036362477', '0036362477123*', 'Y', 1586831469),
(278, '0024824341', '0024824341123*', 'Y', 1586831627),
(279, '0024804952', '0024804952123*', 'Y', 1586831713),
(280, '3018229923', '3018229923123*', 'Y', 1586832203),
(281, '0022553279', '0022553279123*', 'Y', 1586832270),
(282, '0023357083', '0023357083123*', 'Y', 1586832362),
(283, '0022553273', '0022553273123*', 'Y', 1586832387),
(284, '0013810475', '0013810475123*', 'Y', 1586832459),
(285, '0022553303', '0022553303123*', 'Y', 1586832589),
(286, '3018229923', '3018229923123*', 'Y', 1586832646),
(287, '0014761729', '0014761729123*', 'Y', 1586832646),
(288, '0021765381', '0021765381123*', 'Y', 1586832756),
(289, '0024804952', '0024804952123*', 'Y', 1586832813),
(290, '0024804952', '0024804952123*', 'Y', 1586832914),
(291, '0024804952', '0024804952123*', 'Y', 1586833404),
(292, 'ANDRIANI', '0030258686123*', 'N', 1586833527),
(293, '3014262051', '3014262051123*', 'Y', 1586833529),
(294, '3014262051', '3014262951123*', 'N', 1586833617),
(295, '0021415965', '0021415965123*', 'Y', 1586833627),
(296, '3014262051', '3014262051123*', 'Y', 1586833654),
(297, '0033663048', '0033663048123*', 'Y', 1586833760),
(298, '0030258686', '0030258686123*', 'N', 1586834150),
(299, '0030258686', '0030258686123*', 'Y', 1586834219),
(300, '0024804952', '0024804952123*', 'Y', 1586834396),
(301, '0030258686', '0030258686123*', 'Y', 1586834553),
(302, '3020240385', '3020240385123*', 'Y', 1586834736),
(303, '0033663048', '0033663068123*', 'N', 1586834967),
(304, '0033663048', '0033663048123*', 'Y', 1586835000),
(305, '0038831496', '0038831496123*', 'Y', 1586835035),
(306, '0024804952', '0024804952123*', 'Y', 1586835134),
(307, '0017634030', '0017634030123*', 'Y', 1586835464),
(308, '0028599637', '0028599637123*', 'Y', 1586835717),
(309, '0024176972', '0024176972123*', 'Y', 1586835788),
(310, '3027737139', '3027737139123*', 'Y', 1586836050),
(311, '0002480319', '0002480319123*', 'Y', 1586836152),
(312, '0002480319', '0002480319123*', 'Y', 1586836263),
(313, 'guru', 'guru123*', 'Y', 1586836299),
(314, '0013810475', '0013810475123*', 'Y', 1586836316),
(315, '0002480319', '0002480319123*', 'Y', 1586836316),
(316, '0021003343', '0021003343123*', 'Y', 1586836489),
(317, '0022553303', '0022553303123*', 'Y', 1586836493),
(318, '0028599637', '0028599637123*', 'Y', 1586836501),
(319, '0002480319', '0002480319123*', 'Y', 1586836539),
(320, '0024923050', '0024923050123*', 'Y', 1586836768),
(321, '0022553303', '0022553303123*', 'Y', 1586836910),
(322, '3033695580', '3033695580123*', 'N', 1586837290),
(323, '3033695508', '30333695508123*', 'N', 1586837326),
(324, '0036362477', '0036362477123*', 'Y', 1586837327),
(325, '3033695508', '30333695508123*', 'N', 1586837365),
(326, '3033695508', '30333695508123*', 'N', 1586837382),
(327, '3033695508', '3033695508123*', 'Y', 1586837411),
(328, '0022553338', '0022553338123*', 'Y', 1586837894),
(329, '0022553279', '0022553279123*', 'Y', 1586837919),
(330, '0021096128', '0021096128123*', 'Y', 1586837954),
(331, '0022553338', '0022553338123*', 'Y', 1586838298),
(332, '0022553338', '0022553338123*', 'Y', 1586838300),
(333, '0009626971', '0009626971123*', 'Y', 1586838428),
(334, '0022553338', '0022553338123*', 'Y', 1586838454),
(335, '3018229923', '3018229923123*', 'Y', 1586839691),
(336, 'guru', 'guru123*', 'Y', 1586840255),
(337, '0028599637', '0028599637123*', 'Y', 1586840647),
(338, '3026820723', '3026820723123*', 'Y', 1586840756),
(339, '0022553287', '0022553287123*', 'Y', 1586840775),
(340, '0013810475', '0013810475123*', 'Y', 1586840987),
(341, '0026599721', '0026599721123*', 'Y', 1586841138),
(342, '0022051746', '0022051746123*', 'Y', 1586841202),
(343, '0033663048', '0033663048123*', 'Y', 1586841229),
(344, '0022553287', '0022553287123*', 'Y', 1586841230),
(345, '0034475016', '0034475016123*', 'Y', 1586841474),
(346, '0022553287', '0022553287123*', 'Y', 1586841967),
(347, '0022553204', '0022553204123*', 'Y', 1586842140),
(348, '0013810475', '0013810475123*', 'Y', 1586842506),
(349, '0013810475', '0013810475123*', 'Y', 1586842526),
(350, '0036362477', '0036362477123*', 'Y', 1586843003),
(351, '0036362477', '0036362477123*', 'Y', 1586843005),
(352, '0028599637', '0028599637123*', 'Y', 1586843145),
(353, '0017634030', '0017634030123*', 'Y', 1586843176),
(354, '0017474728', '0017474728123*', 'Y', 1586843244),
(355, '0021464131', '0021464131123*', 'Y', 1586843594),
(356, 'guru', 'GURU123*', 'N', 1586844097),
(357, 'guru', 'GURU123*', 'N', 1586844107),
(358, 'guru', 'GURU123*', 'N', 1586844117),
(359, 'guru', 'guru123*', 'Y', 1586844127),
(360, '0021464131', '0021464131123*', 'Y', 1586844149),
(361, '0030258686', '0030258686123*', 'Y', 1586844792),
(362, '3033938942', '3033938942123*', 'Y', 1586844860),
(363, '3033695508', '3033695508123*', 'Y', 1586844915),
(364, '0021464131', '0021464131123*', 'Y', 1586844928),
(365, '0027817461', '0027817461123*', 'Y', 1586845225),
(366, 'guru', 'guru123*', 'Y', 1586845277),
(367, '0013810475', '0013810475123*', 'Y', 1586845396),
(368, '0013810475', '0013810475123*', 'Y', 1586845407),
(369, '0013810475', '0013810475123*', 'Y', 1586845463),
(370, '0013810475', '0013810475123*', 'Y', 1586845494),
(371, '0013810475', '0013810475123*', 'Y', 1586845531),
(372, '0013810475', '0013810475123*', 'Y', 1586845553),
(373, '0013810475', '0013810475123*', 'Y', 1586845651),
(374, '3022190499', '3022190499123*', 'Y', 1586845694),
(375, '0013810475', '0013810475123*', 'Y', 1586845869),
(376, '0013810475', '0013810475123*', 'Y', 1586845911),
(377, '0013810475', '0013810475123*', 'Y', 1586846212),
(378, '0036362477', '0036362477123*', 'Y', 1586846232),
(379, '0030258686', '0030258686123*', 'Y', 1586846569),
(380, '3027737139', '3027737139123*', 'Y', 1586846994),
(381, '0015110982', '0015110982123*', 'Y', 1586847631),
(382, '0015077171', '0015077171123*', 'Y', 1586848282),
(383, '0021464131', '0021464131123*', 'Y', 1586848555),
(384, '0021464131', '0021464131123*', 'Y', 1586848581),
(385, '0021464131', '0021464131123*', 'Y', 1586848604),
(386, '0021464131', '0021464131123*', 'Y', 1586848922),
(387, '0026530786', '0026530786123*', 'Y', 1586849037),
(388, '3022190499', '2022190499123*', 'N', 1586849104),
(389, '3022190499', '3022190499123*', 'Y', 1586849133),
(390, '0015077171', '0015077171123*', 'Y', 1586849389),
(391, '0034475016', '0034475016123*', 'Y', 1586849550),
(392, '0021096128', '0021096128123*', 'Y', 1586853714),
(393, '3018229923', '3018229923123*', 'Y', 1586855865),
(394, '0038831496', '0038831496123*', 'Y', 1586859556),
(395, '0026530786', '0026530786123*', 'Y', 1586859644),
(396, 'guru', 'guru123*', 'Y', 1586861756),
(397, 'guru', 'guru123*', 'Y', 1586862496),
(398, 'guru', 'guru123*', 'Y', 1586876982),
(399, 'guru', 'guru123*', 'Y', 1586881244),
(400, 'guru', 'guru123*', 'Y', 1586906561),
(401, '0022553279', '0022553279123*', 'Y', 1586908489),
(402, '0018955564', '0018955564123*', 'Y', 1586911063),
(403, '0018955564', '0018955564123*', 'Y', 1586911123),
(404, '0018955564', '0018955564123*', 'Y', 1586911144),
(405, '0014761729', '0014761729123*', 'Y', 1586911398),
(406, '0024719866', '0024719866123*', 'Y', 1586911808),
(407, '0014761729', '0014761729123*', 'Y', 1586913007),
(408, '0002447419', '0123*', 'N', 1586913210),
(409, '0002447419', '0002447419123*', 'Y', 1586913232),
(410, '0033663048', '0033663048123*', 'Y', 1586914011),
(411, '0026925681', '0026925681123*', 'Y', 1586914696),
(412, 'guru', 'guru123*', 'Y', 1586914881),
(413, '0022553338', '0022553338123*', 'Y', 1586915151),
(414, '0022553338', '0022553338123*', 'Y', 1586915181),
(415, '0028599637', '0028599637123*', 'Y', 1586915512),
(416, '0034475016', '0034475016123*', 'Y', 1586915664),
(417, '0013810475', '0013810475123*', 'Y', 1586915675),
(418, '0013810475', '0013810475123*', 'Y', 1586915675),
(419, '0022553287', '0022553287123*', 'Y', 1586916202),
(420, '0021765381', '0021765381123*', 'Y', 1586916238),
(421, '0022553279', '0022553279123*', 'Y', 1586916279),
(422, '0009626971', '0009626971123*', 'Y', 1586916324),
(423, '0021415965', '0021415965123*', 'Y', 1586916927),
(424, '0027321509', '0027321509123*', 'Y', 1586916983),
(425, '0023358679', '0023358679123*', 'Y', 1586917096),
(426, '0021765381', '0021765381123*', 'Y', 1586917225),
(427, '0028599637', '0028599637123*', 'Y', 1586917230),
(428, '0026530786', '0026530786123*', 'Y', 1586917418),
(429, '0030258686', '0030258686123*', 'Y', 1586917482),
(430, '0021415965', '0021415965123*', 'Y', 1586917489),
(431, '0030258686', '0030258686123*', 'Y', 1586917512),
(432, '0024824341', '0024824341123*', 'Y', 1586918486),
(433, '0002704857', '0002704857123*', 'Y', 1586918496),
(434, '0028599637', '0028599637123*', 'Y', 1586918504),
(435, '0026530248', '0026530248123*', 'Y', 1586918566),
(436, '0026530248', '0026530248123*', 'Y', 1586918775),
(437, '0028599637', '0028599637123*', 'Y', 1586918892),
(438, '0026530248', '0026530248123*', 'Y', 1586918899),
(439, '0029882580', '0029882580123*', 'Y', 1586918947),
(440, '0038831496', '0038831496123*', 'Y', 1586918979),
(441, '0026530248', '0026530248123*', 'Y', 1586919116),
(442, '0024176972', '0024176972123*', 'Y', 1586919191),
(443, 'guru', 'guru123*', 'Y', 1586919490),
(444, '3033695508', '30336955508123*', 'N', 1586919660),
(445, '3033695508', '30336955508123*', 'N', 1586919684),
(446, '3033695508', '30336955508123*', 'N', 1586919707),
(447, '3033695508', '30336955508123*', 'N', 1586919738),
(448, '3033695508', '30336955508123*', 'N', 1586919746),
(449, '3033695508', '3033695508123*', 'Y', 1586919796),
(450, '3033695508', '3033695508123*', 'Y', 1586919798),
(451, '0022553303', '0022553303123*', 'Y', 1586920048),
(452, '3033695508', '30336955508123*', 'N', 1586920164),
(453, '3033695508', '3033695508123*', 'Y', 1586920167),
(454, '3033695508', '30336955508123*', 'N', 1586920246),
(455, '3033695508', '3033695508123*', 'Y', 1586920296),
(456, '0022553338', '0022553338123*', 'Y', 1586920305),
(457, '3020240385', '4020240385123*', 'N', 1586920481),
(458, '3020240385', '3020240385123*', 'Y', 1586920520),
(459, '0022553303', '0022553303123*', 'Y', 1586920708),
(460, '0013810475', '0013810475123*', 'Y', 1586921163),
(461, '0036362477', '0036362477123*', 'Y', 1586921449),
(462, '0013810475', '0013810475123*', 'Y', 1586921476),
(463, '0002480319', '0002480319123*', 'Y', 1586921819),
(464, '0029681559', '0029681559123*', 'Y', 1586921822),
(465, '3020623881', '3020623881123*', 'Y', 1586922008),
(466, 'guru', 'guru123*', 'Y', 1586922142),
(467, '0023357077', '0023357077123*', 'Y', 1586922169),
(468, '3020623881', '3020623881123*', 'Y', 1586922239),
(469, '0023357067', '0023357067123*', 'Y', 1586922303),
(470, '3014262051', '3014262051123*', 'Y', 1586922357),
(471, '0003285716', '0003285716123*', 'Y', 1586922403),
(472, '0003285716', '0003285716123*', 'Y', 1586922432),
(473, '0022553273', '0022553273123*', 'Y', 1586922441),
(474, '3020623881', '3020623881123*', 'Y', 1586922771),
(475, '0026599721', '0026599721123*', 'Y', 1586922800),
(476, '0026599721', '0026925681123*', 'N', 1586922879),
(477, '0026925681', '0026925681123*', 'Y', 1586922904),
(478, '0023358679', '0023358679123*', 'Y', 1586923014),
(479, '0026599721', '0026599721123*', 'Y', 1586923052),
(480, '0030258686', '0030258686123*', 'Y', 1586923097),
(481, '0030258686', '0030258686123*', 'Y', 1586923142),
(482, '0014761729', '0014761729123*', 'Y', 1586923195),
(483, '0026530248', '0026530248123*', 'Y', 1586923268),
(484, '0024824341', '0024824341123*', 'Y', 1586923407),
(485, '0034475016', '0034475016123*', 'Y', 1586923497),
(486, '0017634030', '0017634030123*', 'Y', 1586923543),
(487, '3018229923', '3018229923123*', 'Y', 1586923546),
(488, 'guru', 'guru123*', 'Y', 1586923570),
(489, '3018229923', '3018229923123*', 'Y', 1586923592),
(490, '0029882580', '0029882580123*', 'Y', 1586923642),
(491, '0034475016', '0034475016123*', 'Y', 1586923665),
(492, '0014761729', '0014761729123*', 'Y', 1586923902),
(493, '3027737139', '3027737139123*', 'Y', 1586923905),
(494, '0002704857', '0002704857123*', 'Y', 1586923924),
(495, '0021765381', '0021765381123*', 'Y', 1586924082),
(496, '3014262051', '3014262051123*', 'Y', 1586924118),
(497, '0034475016', '0034475016123*', 'Y', 1586924378),
(498, '0022553204', '0022553204123*', 'Y', 1586924717),
(499, '0022553204', '0022553204123*', 'Y', 1586925068),
(500, '0013810475', '0013810475123*', 'Y', 1586925111),
(501, '0013810475', '0013810475123*', 'Y', 1586925166),
(502, '0013810475', '0013810475123*', 'Y', 1586925216),
(503, '3020240385', '3020240385123*', 'Y', 1586925506),
(504, '0027817461', '0027817461123*', 'Y', 1586925555),
(505, '0036362477', '0036362477123*', 'Y', 1586925851),
(506, '0033663048', '0033663048123*', 'Y', 1586925895),
(507, '0033663048', '0033663048123*', 'Y', 1586925916),
(508, '0028599637', '0028599637123*', 'Y', 1586926335),
(509, '0027817461', '0027817461123*', 'Y', 1586926828),
(510, 'guru', 'guru123*', 'Y', 1586926838),
(511, '0034475016', '0034475016123*', 'Y', 1586926983),
(512, '0034475016', '0034475016123*', 'Y', 1586927131),
(513, '3022190499', '3022190499123*', 'Y', 1586927403),
(514, '0029882580', '0029882580123*', 'Y', 1586927496),
(515, '3033938942', '3033938942123*', 'Y', 1586927797),
(516, '0022051746', '0022051746123*', 'Y', 1586927944),
(517, '0029882580', '0029882580123*', 'Y', 1586928262),
(518, '3027737139', '3027737139123*', 'Y', 1586928392),
(519, '0026925681', '0026925681123*', 'Y', 1586928512),
(520, '0023357077', '0023357077123*', 'Y', 1586928770),
(521, '0003285716', '0003285716123*', 'Y', 1586928778),
(522, '0023357067', '0023357067123*', 'Y', 1586928817),
(523, '0024804952', '0024804952123*', 'Y', 1586928844),
(524, '3027737139', '3027737139123*', 'Y', 1586929116),
(525, '3018229923', '3018229923123*', 'Y', 1586929581),
(526, '0017474728', '0017474728123*', 'Y', 1586929768),
(527, '0036362477', '0036362477123*', 'Y', 1586929854),
(528, '0026599721', '0026599721123*', 'Y', 1586930036),
(529, '0021096128', '0021096128123*', 'Y', 1586930166),
(530, '0021096128', '0021096128123*', 'Y', 1586930192),
(531, '0021096128', '0021096128123*', 'Y', 1586930204),
(532, '0026599721', '0026599721123*', 'Y', 1586930770),
(533, '0023357083', '0023357083123*', 'Y', 1586930790),
(534, 'guru', 'guru123*', 'Y', 1586931326),
(535, '0022553311', '0022553311123*', 'Y', 1586931903),
(536, '0022553311', '0022553311123*', 'Y', 1586931943),
(537, '0022553311', '0022553311123*', 'Y', 1586932427),
(538, '0015077171', '0015077171123*', 'Y', 1586932483),
(539, '0015077171', '0015077171123*', 'Y', 1586932529),
(540, '0015077171', '0015077171123*', 'Y', 1586932546),
(541, '0015077171', '0015077171123*', 'Y', 1586932797),
(542, '0036362477', '0036362477123*', 'Y', 1586933227),
(543, '0034475016', '0034475016123*', 'Y', 1586933358),
(544, '0034475016', '0034475016123*', 'Y', 1586933378),
(545, '3022190499', '3o22190499123*', 'N', 1586933486),
(546, '3022190499', '3022190499123*', 'Y', 1586933522),
(547, '0034475016', '0034475016123*', 'Y', 1586933552),
(548, '0034475016', '0034475016123*', 'Y', 1586935104),
(549, '0015077171', '0015077171123*', 'Y', 1586935286),
(550, '0015077171', '0015077171123*', 'Y', 1586936028),
(551, '0021003343', '0021003343123*', 'Y', 1586936592),
(552, '0021464131', '0021464131123*', 'Y', 1586936869),
(553, '3022190499', '3022190499123*', 'Y', 1586937151),
(554, '0034475016', '0034475016123*', 'Y', 1586937281),
(555, '0026530786', '0026530786123*', 'Y', 1586937388),
(556, '0026530786', '0026530786123*', 'Y', 1586937480),
(557, '0015110982', '0015110982123*', 'Y', 1586938419),
(558, '0015110982', '0015110982123*', 'Y', 1586938450),
(559, '0015110982', '0015110982123*', 'Y', 1586938464),
(560, '0015110982', '0015110982123*', 'Y', 1586938910),
(561, '0024804952', '0024804952123*', 'Y', 1586938972),
(562, '0024804952', '0024804952123*', 'Y', 1586939066),
(563, '0024923050', '0024923050123*', 'Y', 1586939919),
(564, '0024923050', '0024923050123*', 'Y', 1586939973),
(565, 'guru', 'guru123*', 'Y', 1586943035),
(566, 'guru', 'guru123*', 'Y', 1586945724),
(567, '3026820723', '3026820723123*', 'Y', 1586948081),
(568, '3026820723', '3026820723123*', 'Y', 1586948461),
(569, 'guru', 'guru123*', 'Y', 1586957072),
(570, 'guru', 'guru123*', 'Y', 1586960326),
(571, '0022553279', '0022553279123*', 'Y', 1586961148),
(572, 'guru', 'guru123*', 'Y', 1586967071),
(573, 'guru', 'guru123*', 'Y', 1586968794),
(574, 'guru', 'guru123*', 'Y', 1586991062),
(575, 'guru', 'guru123*', 'Y', 1586993193),
(576, '3020623881', '3020623881123*', 'Y', 1586994070),
(577, '0022553279', '0022553279123*', 'Y', 1586994736),
(578, '0022553279', '0022553279123*', 'Y', 1586994767),
(579, '0014761729', '0014761729123*', 'Y', 1586997087),
(580, '0014761729', '0014761729123*', 'Y', 1586997128),
(581, '0014761729', '0014761729123*', 'Y', 1586997219),
(582, '0018955564', '0018955564123*', 'Y', 1586997251),
(583, '0018955564', '0018955564123*', 'Y', 1586997284),
(584, '0018955564', '0018955564123*', 'Y', 1586997557),
(585, '0018955564', '0018955564123*', 'Y', 1586997558),
(586, '3014262051', '3014262051123*', 'Y', 1586998104),
(587, '3014262051', '3014262051123*', 'Y', 1586998149),
(588, '0014761729', '0014761729123*', 'Y', 1586998152),
(589, '3014262051', '3014262051123*', 'Y', 1586998193),
(590, '0014761729', '0014761729123*', 'Y', 1586998195),
(591, '3014262051', '3014262051123*', 'Y', 1586998224),
(592, '3014262051', '3014262051123*', 'Y', 1586998544),
(593, '0002447419', '0002447419123*', 'Y', 1586999000),
(594, '3014262051', '3014262051123*', 'Y', 1586999130),
(595, '0002447419', '0002447419123*', 'Y', 1586999266),
(596, '0024719866', '0024719866123*', 'Y', 1586999332),
(597, '0002447419', '0002447419123*', 'Y', 1586999339),
(598, '0024719866', '0024719866123*', 'Y', 1586999393),
(599, '0002447419', '0002447419123*', 'Y', 1587000012),
(600, '0024719866', '0024719866123*', 'Y', 1587000160),
(601, '0024719866', '0024719866123*', 'Y', 1587000191),
(602, '0023357077', '0023357077123*', 'Y', 1587000323),
(603, '0023357077', '0023357077123*', 'Y', 1587000468),
(604, '0023357077', '0023357077123*', 'Y', 1587000883),
(605, '0022553273', '0022553273123*', 'Y', 1587000932),
(606, '0022553279', '0022553279123*', 'Y', 1587000970),
(607, '0021003343', '0021003343123*', 'Y', 1587001915),
(608, '0021003343', '0021003343123*', 'Y', 1587001929),
(609, '0029681559', '0029681559123*', 'Y', 1587002012),
(610, '0029681559', '0029681559123*', 'Y', 1587002027),
(611, '0027321509', '0027321509123*', 'Y', 1587003334),
(612, '0027321509', '0027321509123*', 'Y', 1587003382),
(613, '0027321509', '0027321509123*', 'Y', 1587003426),
(614, '0027321509', '0027321509123*', 'Y', 1587003428),
(615, '0027321509', '0027321509123*', 'Y', 1587003428),
(616, '0027321509', '0027321509123*', 'Y', 1587003432),
(617, '0028599637', '0028599637123*', 'Y', 1587003758),
(618, '0027817461', '0027817461123*', 'Y', 1587003929),
(619, '0027321509', '0027321509123*', 'Y', 1587003950),
(620, '0002447419', '0002447419123*', 'Y', 1587003988),
(621, '00273215092', '00273215092123*', 'N', 1587004021),
(622, '0027321509', '0027321509123*', 'Y', 1587004111),
(623, '0017634030', '0017634030123*', 'Y', 1587004245),
(624, '0017634030', '0017634030123*', 'Y', 1587004293),
(625, '0027321509', '0027321509123*', 'Y', 1587004306),
(626, '0027321509', '0027321509123*', 'Y', 1587004414),
(627, '0027321509', '0027321509123*', 'Y', 1587004689),
(628, '0002480319', '0002480319123*', 'Y', 1587004906),
(629, '0002447419', '0002447419123*', 'Y', 1587004979),
(630, '0002480319', '0002480319123*', 'Y', 1587004987),
(631, '0033663048', '0033663048123*', 'Y', 1587005058),
(632, '0027321509', '00273215123*', 'N', 1587005089),
(633, '0027321509', '0027321509123*', 'Y', 1587005133),
(634, '0033663048', '0033663048123*', 'Y', 1587005154),
(635, '0033663048', '0033663048123*', 'Y', 1587005200),
(636, '0021096128', '0021096128123*', 'Y', 1587005290),
(637, '0027321509', '0027321509123*', 'Y', 1587005468),
(638, '0027321509', '0027321509123*', 'Y', 1587005471),
(639, '0027321509', '0027321509123*', 'Y', 1587005481),
(640, '0002480319', '0002480319123*', 'Y', 1587005491),
(641, '0027817461', '0027817461123*', 'Y', 1587005519),
(642, '0002480319', '0002480319123*', 'Y', 1587005525),
(643, 'guru', 'guru123*', 'Y', 1587005980),
(644, '0027321509', '0027321509123*', 'Y', 1587006088),
(645, '0027321509', '0027321509123*', 'Y', 1587006127),
(646, '0002447419', '00024447419123*', 'N', 1587006377),
(647, '0002447419', '0002447419123*', 'Y', 1587006429),
(648, '0021096128', '0021096128123*', 'Y', 1587006510),
(649, '0017634030', '0017634030123*', 'Y', 1587006534),
(650, '0021096128', '0021096128123*', 'Y', 1587006556),
(651, 'guru', 'guru123*', 'Y', 1587006648),
(652, '0021415965', '0021415965123*', 'Y', 1587006901),
(653, '0026530248', '0026530248123*', 'Y', 1587007016),
(654, '0033663048', '0033663048123*', 'Y', 1587007035),
(655, '0022553311', '0022553311123*', 'Y', 1587007047),
(656, '0026530248', '0026530248123*', 'Y', 1587007057),
(657, '0022553311', '0022553311123*', 'Y', 1587007145),
(658, '0033663048', '0033663048123*', 'Y', 1587007209),
(659, '0026530248', '0026530248123*', 'Y', 1587007272),
(660, '0022553338', '0022553338123*', 'Y', 1587007282),
(661, '0027321509', '0027321509123*', 'Y', 1587007285),
(662, '0026530248', '0026530248123*', 'Y', 1587007319),
(663, '3014262051', '3014262051123*', 'Y', 1587007332),
(664, '0022553338', '0022553338123*', 'Y', 1587007343),
(665, '0022553311', '0022553311123*', 'Y', 1587007366),
(666, '0022553311', '0022553311123*', 'Y', 1587007415),
(667, '0002480319', '0002480319123*', 'Y', 1587007416),
(668, '0026530248', '0026530248123*', 'Y', 1587007419),
(669, '0026530248', '0026530248123*', 'Y', 1587007438),
(670, '0021415965', '0021415965123*', 'Y', 1587007468),
(671, '0024923050', '0024923050123*', 'Y', 1587007474),
(672, '3027737139', '3027737139123*', 'Y', 1587007529),
(673, '0027321509', '0027321509123*', 'Y', 1587007557),
(674, '0027321509', '0027321509123*', 'Y', 1587007576),
(675, '0024923050', '0024923050123*', 'Y', 1587007586),
(676, '0027321509', '0027321509123*', 'Y', 1587007590),
(677, '0018955564', '0018955564123*', 'Y', 1587007684),
(678, '0024923050', '0024923050123*', 'Y', 1587007824),
(679, '0026530248', '0026530248123*', 'Y', 1587007941),
(680, '0029882580', '0029882580123*', 'Y', 1587007957),
(681, '0029681559', '0029681559123*', 'Y', 1587007988),
(682, '0023357067', '0023357067123*', 'Y', 1587008089),
(683, '0027321509', '0027321509123*', 'Y', 1587008132),
(684, '0023357067', '0023357067123*', 'Y', 1587008150),
(685, '3027737139', '3027737139123*', 'Y', 1587008158),
(686, '0023357067', '0023357067123*', 'Y', 1587008180),
(687, '0033663048', '0033663048123*', 'Y', 1587008195),
(688, '0022553311', '0022553311123*', 'Y', 1587008238),
(689, '3033695507', '3033695508123*', 'N', 1587008270),
(690, '3033695508', '3033695508123*', 'Y', 1587008297),
(691, '0022553303', '0022553303123*', 'Y', 1587008315),
(692, '3033695508', '3033695508123*', 'Y', 1587008358),
(693, '3033695508', '3033695508123*', 'Y', 1587008396),
(694, '0033663048', '0033663048123*', 'Y', 1587008397),
(695, '0027321509', '0027321509123*', 'Y', 1587008448),
(696, '0022553311', '0022553311123*', 'Y', 1587008505),
(697, '0024923050', '0024923050123*', 'Y', 1587008545),
(698, '0002704857', '0002704857123*', 'Y', 1587008585),
(699, '0021765381', '0021765381123*', 'Y', 1587008649),
(700, '3033938942', '3033938942123*', 'Y', 1587008669),
(701, '3033938942', '3033938942123*', 'Y', 1587008669),
(702, '0029681559', '0029681559123*', 'Y', 1587008677),
(703, '3022190499', '3022190499123*', 'Y', 1587008729),
(704, '3027737139', '3027737139123*', 'Y', 1587008798),
(705, '0002704857', '0002704857123*', 'Y', 1587008799),
(706, '3027737139', '3027737139123*', 'Y', 1587008822),
(707, '3022190499', '3022190499123*', 'Y', 1587008866),
(708, '0022553311', '0022553311123*', 'Y', 1587008869),
(709, '0027321509', '0027321509123*', 'Y', 1587008885),
(710, '0022553311', '0022553311123*', 'Y', 1587008889),
(711, '0022553338', '0022553338123*', 'Y', 1587008911),
(712, '0021765381', '0021765381123*', 'Y', 1587008912),
(713, 'guru', 'gueu123*', 'N', 1587008944),
(714, 'guru', 'guru123*', 'Y', 1587008958),
(715, '3022190499', '3022190499123*', 'Y', 1587008962),
(716, '0021765381', '0021765381123*', 'Y', 1587008976),
(717, '0003285716', '0003285716123*', 'Y', 1587008999),
(718, '0029882580', '0029882580123*', 'Y', 1587009022),
(719, 'guru', 'guru123*', 'Y', 1587009026),
(720, '0003285716', '0003285716123*', 'Y', 1587009041),
(721, '3026820723', '3026820723123*', 'Y', 1587009074),
(722, '0022553338', '0022553338123*', 'Y', 1587009100),
(723, '0022553311', '0022553311123*', 'Y', 1587009107),
(724, '0027321509', '0027321509123*', 'Y', 1587009113),
(725, '3026820723', '3026820723123*', 'Y', 1587009114),
(726, '0002704857', '0002704857123*', 'Y', 1587009124),
(727, 'guru', 'guru123*', 'Y', 1587009174),
(728, '0027321509', '0027321509123*', 'Y', 1587009177),
(729, '0033663048', '0033663048123*', 'Y', 1587009177),
(730, '0026530248', '0026530248123*', 'Y', 1587009180),
(731, '3026820723', '3026820723123*', 'Y', 1587009238),
(732, '3020623881', '3020623881123*', 'Y', 1587009280),
(733, '3014262051', '3014262051123*', 'Y', 1587009301),
(734, '0022553338', '0022553338123*', 'Y', 1587009301),
(735, '0022553338', '0022553338123*', 'Y', 1587009318),
(736, '0013810475', '0013810475123*', 'Y', 1587009355),
(737, '0033663048', '0033663048123*', 'Y', 1587009383),
(738, '0021003343', '0021003343123*', 'Y', 1587009394),
(739, '0033663048', '0033663048123*', 'Y', 1587009413),
(740, '3027737139', '3027737139123*', 'Y', 1587009416),
(741, '0024923050', '0024923050123*', 'Y', 1587009440),
(742, '0033663048', '0033663048123*', 'Y', 1587009468),
(743, '0026530248', '0026530248123*', 'Y', 1587009591),
(744, '0038831496', '0038831496123*', 'Y', 1587009701),
(745, '0029882580', '0029882580123*', 'Y', 1587009704),
(746, '0034475016', '0034475016123*', 'Y', 1587009714),
(747, '0022553311', '0022553311123*', 'Y', 1587009719),
(748, '3026820723', '3026820723123*', 'Y', 1587009841),
(749, '0022553279', '0022553279123*', 'Y', 1587009859),
(750, '3020623881', '3020623881123*', 'Y', 1587009985),
(751, '0038831496', '0038831496123*', 'Y', 1587010052),
(752, '0033663048', '0033663048123*', 'Y', 1587010060),
(753, '0021415965', '0021415965123*', 'Y', 1587010098),
(754, '3027737139', '3027737139123*', 'Y', 1587010135),
(755, '0027321509', '0027321509123*', 'Y', 1587010156),
(756, '0022553273', '0022553273123*', 'Y', 1587010194),
(757, '0022553311', '0022553311123*', 'Y', 1587010197),
(758, '3014262051', '3014262051123*', 'Y', 1587010241),
(759, '3033695508', '3033695508123*', 'Y', 1587010247),
(760, '0002480319', '0002480319123*', 'Y', 1587010260),
(761, '0022553311', '0022553311123*', 'Y', 1587010317),
(762, '0026925681', '0026925681123*', 'Y', 1587010335),
(763, '0022553338', '0022553338123*', 'Y', 1587010338),
(764, '0026530786', '0026530786123*', 'Y', 1587010356),
(765, '0034475016', '0034475016123*', 'Y', 1587010372),
(766, '0022553279', '0022553279123*', 'Y', 1587010462),
(767, '0022553287', '0022553287123*', 'Y', 1587010627),
(768, '0029882580', '0029882580123*', 'Y', 1587010697),
(769, '0022553279', '0022553279123*', 'Y', 1587010743),
(770, '0027817461', '0027817461123*', 'Y', 1587010786),
(771, '0022553303', '0022553303123*', 'Y', 1587011257),
(772, '0030258686', '0030258686123*', 'Y', 1587011576),
(773, '0018955564', '0018955564123*', 'Y', 1587011615),
(774, '0018955564', '0018955564123*', 'Y', 1587011616),
(775, '3027737139', '3027737139123*', 'Y', 1587011719),
(776, '0022553311', '0022553311123*', 'Y', 1587011730),
(777, '0022051746', '0022051746123*', 'Y', 1587011803),
(778, '0022553311', '0022553311123*', 'Y', 1587011815),
(779, '0022553311', '0022553311123*', 'Y', 1587011903),
(780, '0029681559', '0029681559123*', 'Y', 1587011929),
(781, '0027817461', '0027817461123*', 'Y', 1587012026),
(782, '3018229923', '3018229923123*', 'Y', 1587012076),
(783, '0024824341', '0024824341123*', 'Y', 1587012145),
(784, '0021765381', '0021765381123*', 'Y', 1587012222),
(785, '0017474728', '0017474728123*', 'Y', 1587012430),
(786, '3020623881', '3020623881123*', 'Y', 1587012501),
(787, '0023357083', '0023357083123*', 'Y', 1587012783),
(788, '0014761729', '0014761729123*', 'Y', 1587012865),
(789, '0015077171', '0015077171123*', 'Y', 1587012994),
(790, '3027737139', '3027737139123*', 'Y', 1587013109),
(791, '0015077171', '0015077171123*', 'Y', 1587013123),
(792, '3033695503', '3033695508123*', 'N', 1587013243),
(793, '3033695508', '3033695508123*', 'Y', 1587013259),
(794, '0015077171', '0015077171123*', 'Y', 1587013297),
(795, '0015077171', '0015077171123*', 'Y', 1587013353),
(796, '3033938942', '3033938942123*', 'Y', 1587013357),
(797, '0023358679', '0023358679123*', 'Y', 1587013506),
(798, '0023358679', '0023358679123*', 'Y', 1587013683),
(799, '0023357083', '0023357083123*', 'Y', 1587013762),
(800, '3020240385', '3020240385123*', 'Y', 1587014053),
(801, '0023358679', '0023358679123*', 'Y', 1587014069),
(802, '3014262051', '3014262051123*', 'Y', 1587014085),
(803, '0009626971', '0009626971123*', 'Y', 1587014213),
(804, '3033695508', '3033695508123*', 'Y', 1587014817),
(805, '0022553279', '0022553279123*', 'Y', 1587014857),
(806, '3018229923', '3018229923123*', 'Y', 1587015223),
(807, '0029882580', '0029882580123*', 'Y', 1587015357),
(808, '0024923050', '0024923050123*', 'Y', 1587015692),
(809, '0029681559', '0029681559123*', 'Y', 1587015738),
(810, '0024804952', '0024804952123*', 'Y', 1587015789),
(811, '0015077171', '0015077171123*', 'Y', 1587016466),
(812, '0022553303', '0022553303123*', 'Y', 1587016506),
(813, '0033663048', '0033663048123*', 'Y', 1587016687),
(814, '0023358679', '0023358679123*', 'Y', 1587017065),
(815, '0015077171', '0015077171123*', 'Y', 1587017123),
(816, '0002447419', '0002447419123*', 'Y', 1587017753),
(817, '3018229923', '3018229923123*', 'Y', 1587017790),
(818, '0026599721', '0026599721123*', 'Y', 1587017892),
(819, '3022190499', '3022190499123*', 'Y', 1587018157),
(820, '0036362477', '0036362477123*', 'Y', 1587018216),
(821, '0026925681', '0026925681123*', 'Y', 1587018301),
(822, '0024719866', '0024719866123*', 'Y', 1587018323),
(823, '3033938942', '3033938942123*', 'Y', 1587018622),
(824, '0030258686', '0030258686123*', 'Y', 1587018726),
(825, '0021464131', '0021464131123*', 'Y', 1587018995),
(826, '3020240385', '3020240385123*', 'Y', 1587019038),
(827, '0022553204', '0022553204123*', 'Y', 1587019213),
(828, '0021464131', '0021464131123*', 'Y', 1587019432),
(829, '3022190499', '3022190499123*', 'Y', 1587019673),
(830, '0026530786', '0026530786123*', 'Y', 1587019726),
(831, '0026530786', '0026530786123*', 'Y', 1587020035),
(832, '0026530786', '0026530786123*', 'Y', 1587020036),
(833, '0026530786', '0026530786123*', 'Y', 1587020036),
(834, '0026530786', '0026530786123*', 'Y', 1587020037),
(835, '0026530786', '0026530786123*', 'Y', 1587020038),
(836, '0026530786', '0026530786123*', 'Y', 1587020041),
(837, '3014262051', '3014262051123*', 'Y', 1587020310),
(838, '0013810475', '0013810475123*', 'Y', 1587020636),
(839, '0002447419', '0002447419123*', 'Y', 1587021557),
(840, '0034475016', '0034475016123*', 'Y', 1587022076),
(841, '0002480319', '0002480319123*', 'Y', 1587022162),
(842, '0030258686', '0030258686123*', 'Y', 1587022689),
(843, '0002447419', '0002447419123*', 'Y', 1587022809),
(844, '0002447419', '0002447419123*', 'Y', 1587023042),
(845, '0002480319', '0002480319123*', 'Y', 1587023999),
(846, '0036362477', '0036362477123*', 'Y', 1587024270),
(847, '3022190499', '3022190499123*', 'Y', 1587024441),
(848, '0013810475', '0013810476123*', 'N', 1587025493),
(849, '0013810475', '0013810475123*', 'Y', 1587025522),
(850, '0015077171', '0015077171123*', 'Y', 1587025556),
(851, '0024804952', '0024804952123*', 'Y', 1587025817),
(852, '0015077171', '0015077171123*', 'Y', 1587025985),
(853, '0017634030', '0017634030123*', 'Y', 1587026278),
(854, '0015077171', '0015077171123*', 'Y', 1587026567),
(855, '0015077171', '0015077171123*', 'Y', 1587026647),
(856, '0024176972', '0024176972123*', 'Y', 1587026707),
(857, '3022190499', '3022190499123*', 'Y', 1587027447),
(858, '0015110982', '0015110982123*', 'Y', 1587028143),
(859, '0013810475', '0013810475123*', 'Y', 1587028813),
(860, '3022190499', '3022190499123*', 'Y', 1587028900),
(861, '0036362477', '0036362477123*', 'Y', 1587029069),
(862, '0027817461', '0027817461123*', 'Y', 1587029218),
(863, '0036362477', '0036362477123*', 'Y', 1587029500),
(864, '0021464131', '0021464131123*', 'Y', 1587029565),
(865, '0038831496', '0038831496123*', 'Y', 1587030097),
(866, '3026820723', '3026820723123*', 'Y', 1587030511),
(867, '0013810475', '0013810475123*', 'Y', 1587030655),
(868, '0021464131', '0021464131123*', 'Y', 1587031653),
(869, '0034475016', '0034475016123*', 'Y', 1587031743),
(870, '0034475016', '0034475016123*', 'Y', 1587031802),
(871, 'guru', 'guru123*', 'Y', 1587032637),
(872, '0033663048', '0033663048123*', 'Y', 1587035619),
(873, '0021464131', '0021464131123*', 'Y', 1587035622),
(874, '0021464131', '0021464131123*', 'Y', 1587036673),
(875, '0015077171', '0015077171123*', 'Y', 1587039155),
(876, 'guru', 'guru123*', 'Y', 1587045047),
(877, '0022553279', '0022553279123*', 'Y', 1587086789),
(878, '0054933905', '0055933004123*', 'N', 1587087748),
(879, '0054933905', '0055933004123*', 'N', 1587087748),
(880, '0054933905', '00549339045123*', 'N', 1587087811),
(881, 'guru', 'guru123*', 'Y', 1587111668),
(882, 'codeego', 'View:pr4t4m4123*', 'N', 1587117954),
(883, 'codeego', 'View:pr4t4m4123*', 'N', 1587118021),
(884, 'codeego', 'viewpr4t4m4123*', 'Y', 1587118028),
(885, 'iqbalmh', 'viewpr4t4m4123*', 'Y', 1587118198),
(886, 'guru2', 'guru2123*', 'Y', 1587118250),
(887, '0002447419', '000244749123*', 'N', 1587128764),
(888, '0002447419', '0002447419123*', 'Y', 1587128802),
(889, 'guru2', 'guru2123*', 'Y', 1587173147),
(890, 'guru2', 'guru2123*', 'Y', 1587181822),
(891, 'guru2', 'guru2123*', 'Y', 1587185903),
(892, 'guru2', 'guru2123*', 'Y', 1587189143),
(893, 'guru2', 'guru2123*', 'Y', 1587196347),
(894, 'guru2', 'guru2123*', 'Y', 1587196708),
(895, '0050750866', '0050750866123*', 'Y', 1587197642),
(896, 'DECA SOUZA', '0057915453123*', 'N', 1587200936),
(897, 'guru2', 'guru2123*', 'Y', 1587201008),
(898, 'DECA SOUZA', '0057915453123*', 'N', 1587201087),
(899, '0057915453', '0057915453123*', 'Y', 1587201542),
(900, '0051033625', '0051033625123*', 'Y', 1587214792),
(901, 'guru2', 'guru2123*', 'Y', 1587215644),
(902, 'dosen', 'sdafas123*', 'N', 1587531859),
(903, 'dosen', '071477123*', 'Y', 1587531865),
(904, '0017634030', '0017634030123*', 'Y', 1587531879),
(905, 'dosen', '071477123*', 'Y', 1587532208),
(906, 'dosen', '071477123*', 'Y', 1587532230),
(907, '0017634030', '0017634030123*', 'Y', 1587532239),
(908, '0017634030', '0017634030123*', 'Y', 1587532557),
(909, 'guru2', 'guru2123*', 'Y', 1587724051),
(910, 'guru', 'guru123*', 'Y', 1587724094),
(911, 'admin', 'admin123*', 'N', 1588164094),
(912, 'admin', 'admin123*', 'N', 1588164099),
(913, 'admin', 'admin123*', 'Y', 1588164164),
(914, 'admin', 'admin123*', 'Y', 1588209777),
(915, 'admin', 'admin123*', 'Y', 1588233235),
(916, 'admin', 'admin123*', 'Y', 1588239468),
(917, 'admin', 'admin123*', 'Y', 1588293688),
(918, 'admin', 'admin123*', 'Y', 1588325889),
(919, 'admin', 'adin123*', 'N', 1588375836),
(920, 'admin', 'admin123*', 'Y', 1588375845),
(921, 'admin', 'admin123*', 'Y', 1588413164),
(922, 'admin', 'admin123*', 'Y', 1588461830),
(923, 'admin', 'admin123*', 'Y', 1588512589),
(924, 'admin', 'admin123*', 'Y', 1588545095),
(925, 'admin', 'admin123*', 'Y', 1588566046),
(926, 'admin', 'admin123*', 'Y', 1588980904),
(927, 'master', 'master123*', 'Y', 1588982878),
(928, 'admin', 'admin123*', 'Y', 1589161301),
(929, 'admin', 'admin123*', 'Y', 1589260808),
(930, 'master', 'master123*', 'Y', 1589264118),
(931, 'ADMIN', 'ADMIN123*', 'N', 1589264153),
(932, 'ADMIN', 'admin123*', 'Y', 1589264161),
(933, 'admin', 'admin123*', 'Y', 1589333714),
(934, 'admin', 'admin123123*', 'N', 1624587578),
(935, 'admin', 'admin123*', 'Y', 1624587583),
(936, 'admin', 'admin123*', 'Y', 1624587717),
(937, 'admin', 'admin123*', 'Y', 1636452652),
(938, 'admin', 'admin123*', 'Y', 1636460041);

-- --------------------------------------------------------

--
-- Struktur dari tabel `tb_admin`
--

CREATE TABLE IF NOT EXISTS `tb_admin` (
  `id_admin` int(11) NOT NULL,
  `Login` varchar(10) NOT NULL,
  `Password` varchar(10) NOT NULL,
  `nama_admin` varchar(50) NOT NULL,
  `gender_admin` enum('L','P') NOT NULL,
  `address_admin` varchar(255) DEFAULT NULL,
  `email_admin` varchar(100) NOT NULL,
  `hp_admin` varchar(12) NOT NULL,
  `photo_admin` varchar(100) DEFAULT NULL,
  `Level` int(11) NOT NULL,
  `active_admin` enum('Y','N') NOT NULL,
  `ct` datetime NOT NULL DEFAULT CURRENT_TIMESTAMP,
  `ut` datetime NOT NULL DEFAULT CURRENT_TIMESTAMP,
  `rt` datetime NOT NULL DEFAULT CURRENT_TIMESTAMP,
  `waktuawal_admin` timestamp NOT NULL DEFAULT CURRENT_TIMESTAMP,
  `cb` int(11) NOT NULL,
  `ub` int(11) NOT NULL,
  `rb` int(11) NOT NULL,
  `key_admin` varchar(50) DEFAULT NULL
) ENGINE=MyISAM AUTO_INCREMENT=12 DEFAULT CHARSET=latin1;

--
-- Dumping data untuk tabel `tb_admin`
--

INSERT INTO `tb_admin` (`id_admin`, `Login`, `Password`, `nama_admin`, `gender_admin`, `address_admin`, `email_admin`, `hp_admin`, `photo_admin`, `Level`, `active_admin`, `ct`, `ut`, `rt`, `waktuawal_admin`, `cb`, `ub`, `rb`, `key_admin`) VALUES
(11, 'admin', '*4ACFE3202', 'Administrator', 'L', 'Jl. Sudirman', 'admin', '087818852274', 'default.png', 2, 'Y', '2019-12-24 16:53:31', '2019-12-30 00:00:00', '2019-12-24 16:53:31', '2019-12-24 09:53:31', 1, 1, 1, 'admin');

-- --------------------------------------------------------

--
-- Struktur dari tabel `tb_alternatif`
--

CREATE TABLE IF NOT EXISTS `tb_alternatif` (
  `id_alternatif` int(11) NOT NULL,
  `nama_alternatif` varchar(50) NOT NULL,
  `nilai_akhir` double DEFAULT NULL
) ENGINE=InnoDB AUTO_INCREMENT=4 DEFAULT CHARSET=latin1;

--
-- Dumping data untuk tabel `tb_alternatif`
--

INSERT INTO `tb_alternatif` (`id_alternatif`, `nama_alternatif`, `nilai_akhir`) VALUES
(1, 'A1', 4.24),
(2, 'A2', 3.94),
(3, 'A3', 4.38);

-- --------------------------------------------------------

--
-- Struktur dari tabel `tb_bobot`
--

CREATE TABLE IF NOT EXISTS `tb_bobot` (
  `id_bobot` int(11) NOT NULL,
  `kriteria_id` int(11) NOT NULL,
  `alternatif_id` int(11) NOT NULL,
  `nilai_bobot` int(11) NOT NULL DEFAULT '1',
  `temp_bobot` double NOT NULL DEFAULT '1'
) ENGINE=InnoDB AUTO_INCREMENT=22 DEFAULT CHARSET=latin1;

--
-- Dumping data untuk tabel `tb_bobot`
--

INSERT INTO `tb_bobot` (`id_bobot`, `kriteria_id`, `alternatif_id`, `nilai_bobot`, `temp_bobot`) VALUES
(1, 1, 1, 3, 1),
(2, 2, 1, 5, 1),
(3, 3, 1, 3, 1),
(4, 4, 1, 4, 1),
(5, 5, 1, 4, 1),
(6, 6, 1, 3, 1),
(7, 7, 1, 4, 1),
(8, 1, 2, 4, 1),
(9, 2, 2, 3, 1),
(10, 3, 2, 3, 1),
(11, 4, 2, 4, 1),
(12, 5, 2, 4, 1),
(13, 6, 2, 4, 1),
(14, 7, 2, 3, 1),
(15, 1, 3, 5, 1),
(16, 2, 3, 4, 1),
(17, 3, 3, 4, 1),
(18, 4, 3, 3, 1),
(19, 5, 3, 4, 1),
(20, 6, 3, 2, 1),
(21, 7, 3, 3, 1);

-- --------------------------------------------------------

--
-- Struktur dari tabel `tb_config`
--

CREATE TABLE IF NOT EXISTS `tb_config` (
  `id_config` int(11) NOT NULL,
  `title` varchar(50) DEFAULT NULL,
  `deskripsi` varchar(255) DEFAULT NULL,
  `header` varchar(50) DEFAULT NULL,
  `footer` varchar(100) DEFAULT NULL,
  `text1` varchar(255) DEFAULT NULL,
  `text2` text,
  `text3` enum('Y','N') NOT NULL DEFAULT 'Y'
) ENGINE=MyISAM AUTO_INCREMENT=2 DEFAULT CHARSET=latin1;

--
-- Dumping data untuk tabel `tb_config`
--

INSERT INTO `tb_config` (`id_config`, `title`, `deskripsi`, `header`, `footer`, `text1`, `text2`, `text3`) VALUES
(1, 'PROFILE MATCHING', 'SPK SMART 2020', 'PRO', 'www.codeego.com', ' LOGIN \r\n', NULL, '');

-- --------------------------------------------------------

--
-- Struktur dari tabel `tb_faktor`
--

CREATE TABLE IF NOT EXISTS `tb_faktor` (
  `id_faktor` int(11) NOT NULL,
  `nama_faktor` varchar(25) NOT NULL,
  `persen_faktor` double NOT NULL
) ENGINE=InnoDB AUTO_INCREMENT=3 DEFAULT CHARSET=latin1;

--
-- Dumping data untuk tabel `tb_faktor`
--

INSERT INTO `tb_faktor` (`id_faktor`, `nama_faktor`, `persen_faktor`) VALUES
(1, 'CORE', 60),
(2, 'SECONDARY', 40);

-- --------------------------------------------------------

--
-- Struktur dari tabel `tb_kriteria`
--

CREATE TABLE IF NOT EXISTS `tb_kriteria` (
  `id_kriteria` int(11) NOT NULL,
  `kode_kriteria` varchar(5) NOT NULL,
  `nama_kriteria` varchar(50) NOT NULL,
  `faktor_id` int(11) NOT NULL,
  `profile_ideal` int(11) NOT NULL DEFAULT '1'
) ENGINE=InnoDB AUTO_INCREMENT=8 DEFAULT CHARSET=latin1;

--
-- Dumping data untuk tabel `tb_kriteria`
--

INSERT INTO `tb_kriteria` (`id_kriteria`, `kode_kriteria`, `nama_kriteria`, `faktor_id`, `profile_ideal`) VALUES
(1, 'PU', 'Penampilan Umum', 1, 4),
(2, 'SS', 'Sopan Santun', 1, 4),
(3, 'KM', 'Kesedian Mendengar', 2, 3),
(4, 'MT', 'Motivasi', 2, 4),
(5, 'KD', 'Kepercayaan Diri', 2, 3),
(6, 'KB', 'Keterbukaan', 2, 3),
(7, 'KW', 'Kedewasaan', 2, 4);

-- --------------------------------------------------------

--
-- Struktur dari tabel `tb_master`
--

CREATE TABLE IF NOT EXISTS `tb_master` (
  `id_master` int(11) NOT NULL,
  `Login` varchar(10) NOT NULL,
  `Password` varchar(10) NOT NULL,
  `nama_master` varchar(50) NOT NULL,
  `photo_master` varchar(100) DEFAULT NULL,
  `key_master` varchar(25) NOT NULL,
  `Level` int(11) NOT NULL,
  `active_master` enum('Y','N') NOT NULL
) ENGINE=MyISAM AUTO_INCREMENT=2 DEFAULT CHARSET=latin1;

--
-- Dumping data untuk tabel `tb_master`
--

INSERT INTO `tb_master` (`id_master`, `Login`, `Password`, `nama_master`, `photo_master`, `key_master`, `Level`, `active_master`) VALUES
(1, 'master', '*8D6A637F3', 'MASTER', 'default.png', 'master', 1, 'Y');

-- --------------------------------------------------------

--
-- Struktur dari tabel `tb_menu`
--

CREATE TABLE IF NOT EXISTS `tb_menu` (
  `id_menu` int(11) NOT NULL,
  `nourut_menu` int(11) DEFAULT NULL,
  `link_menu` varchar(50) DEFAULT NULL,
  `icon_menu` varchar(30) DEFAULT NULL,
  `text_menu` varchar(30) DEFAULT NULL,
  `color_menu` varchar(15) DEFAULT NULL,
  `label_menu` varchar(30) DEFAULT NULL,
  `level_menu` int(11) NOT NULL
) ENGINE=InnoDB AUTO_INCREMENT=13 DEFAULT CHARSET=latin1;

--
-- Dumping data untuk tabel `tb_menu`
--

INSERT INTO `tb_menu` (`id_menu`, `nourut_menu`, `link_menu`, `icon_menu`, `text_menu`, `color_menu`, `label_menu`, `level_menu`) VALUES
(1, 1, '?page=update/profile', 'fa  fa-user', 'PROFILE', 'bg-green', 'new ', 12345),
(2, 2, '?page=update/password', 'fa  fa-key', 'CHANGE PASSWORD', 'bg-blue', 'new', 12345),
(3, 3, '?page=insert/menu ', 'fa  fa-firefox', 'SETTING MENU ', 'bg-blue', 'new', 1),
(4, 4, '?page=update/ta   ', 'fa fa-balance-scale', 'SETTING TA', 'bg-blue', 'new', 12),
(6, 5, '?page=insert/config', 'fa fa-registered', 'SET WEBSITE', 'bg-yellow', 'new', 1),
(7, 99, '../keluar.php    ', 'fa fa-sign-out', 'LOGOUT', 'bg-green', 'out', 12345),
(8, 6, '?page=insert/photo', 'fa fa-commenting', 'UPLOAD PHOTO', 'bg-blue', 'new', 12345),
(9, 7, '?page=insert/admin', 'fa fa-500px', 'ADD ADMINISTRATOR', 'bg-yellow', 'new', 1),
(11, 9, '?page=informasi/view', 'fa fa-comment', 'INFORMASI', 'bg-blue', 'new', 123),
(12, 9, '?page=view/login', 'fa fa-book', 'HISTORY LOGIN', 'bg-blue', 'new', 12);

-- --------------------------------------------------------

--
-- Struktur dari tabel `tb_photo`
--

CREATE TABLE IF NOT EXISTS `tb_photo` (
  `id_photo` int(11) NOT NULL,
  `pemilik_photo` int(11) NOT NULL,
  `images_photo` varchar(60) NOT NULL,
  `waktuawal_photo` timestamp NOT NULL DEFAULT CURRENT_TIMESTAMP ON UPDATE CURRENT_TIMESTAMP,
  `tanggal_photo` date NOT NULL,
  `ct_photo` datetime NOT NULL DEFAULT CURRENT_TIMESTAMP,
  `ut_photo` datetime NOT NULL DEFAULT CURRENT_TIMESTAMP,
  `rt_photo` datetime NOT NULL DEFAULT CURRENT_TIMESTAMP,
  `cb_photo` int(11) NOT NULL,
  `ub_photo` int(11) NOT NULL,
  `rb_photo` int(11) NOT NULL,
  `active_photo` enum('Y','N') NOT NULL
) ENGINE=MyISAM AUTO_INCREMENT=2 DEFAULT CHARSET=latin1;

-- --------------------------------------------------------

--
-- Struktur dari tabel `tb_photoposting`
--

CREATE TABLE IF NOT EXISTS `tb_photoposting` (
  `id_photoposting` int(11) NOT NULL,
  `pemilik_photoposting` int(11) NOT NULL,
  `images_photoposting` varchar(60) NOT NULL,
  `waktuawal_photoposting` timestamp NOT NULL DEFAULT CURRENT_TIMESTAMP ON UPDATE CURRENT_TIMESTAMP,
  `tanggal_photoposting` date NOT NULL,
  `ct_photoposting` datetime NOT NULL DEFAULT CURRENT_TIMESTAMP,
  `ut_photoposting` datetime NOT NULL DEFAULT CURRENT_TIMESTAMP,
  `rt_photoposting` datetime NOT NULL DEFAULT CURRENT_TIMESTAMP,
  `cb_photoposting` int(11) NOT NULL,
  `ub_photoposting` int(11) NOT NULL,
  `rb_photoposting` int(11) NOT NULL,
  `active_photoposting` enum('Y','N') NOT NULL
) ENGINE=MyISAM AUTO_INCREMENT=16 DEFAULT CHARSET=latin1;

--
-- Dumping data untuk tabel `tb_photoposting`
--

INSERT INTO `tb_photoposting` (`id_photoposting`, `pemilik_photoposting`, `images_photoposting`, `waktuawal_photoposting`, `tanggal_photoposting`, `ct_photoposting`, `ut_photoposting`, `rt_photoposting`, `cb_photoposting`, `ub_photoposting`, `rb_photoposting`, `active_photoposting`) VALUES
(6, 11, '5e26adc1a53fa.png', '2020-01-21 07:52:33', '2020-01-21', '2020-01-21 14:52:33', '2020-01-21 14:52:33', '2020-01-21 14:52:33', 11, 0, 0, 'Y'),
(7, 11, '5e26add8e8aff.png', '2020-01-21 07:52:56', '2020-01-21', '2020-01-21 14:52:56', '2020-01-21 14:52:56', '2020-01-21 14:52:56', 11, 0, 0, 'Y'),
(8, 11, '5e26ade8f1d1c.png', '2020-01-21 07:53:12', '2020-01-21', '2020-01-21 14:53:12', '2020-01-21 14:53:12', '2020-01-21 14:53:12', 11, 0, 0, 'Y'),
(9, 11, '5e26adfaa13a7.png', '2020-01-21 07:53:30', '2020-01-21', '2020-01-21 14:53:30', '2020-01-21 14:53:30', '2020-01-21 14:53:30', 11, 0, 0, 'Y'),
(10, 11, '5e26ae0658faf.png', '2020-01-21 07:53:42', '2020-01-21', '2020-01-21 14:53:42', '2020-01-21 14:53:42', '2020-01-21 14:53:42', 11, 0, 0, 'Y'),
(11, 11, '5e49ec1b851b2.jpg', '2020-02-17 01:27:55', '2020-02-17', '2020-02-17 08:27:55', '2020-02-17 08:27:55', '2020-02-17 08:27:55', 11, 0, 0, 'Y'),
(12, 11, '5e49ec2acc395.jpg', '2020-02-17 01:28:10', '2020-02-17', '2020-02-17 08:28:10', '2020-02-17 08:28:10', '2020-02-17 08:28:10', 11, 0, 0, 'Y'),
(13, 11, '5e49ec369a80e.jpg', '2020-02-17 01:28:22', '2020-02-17', '2020-02-17 08:28:22', '2020-02-17 08:28:22', '2020-02-17 08:28:22', 11, 0, 0, 'Y'),
(14, 11, '5e49ec43bb165.jpg', '2020-02-17 01:28:35', '2020-02-17', '2020-02-17 08:28:35', '2020-02-17 08:28:35', '2020-02-17 08:28:35', 11, 0, 0, 'Y');

-- --------------------------------------------------------

--
-- Struktur dari tabel `tb_posting`
--

CREATE TABLE IF NOT EXISTS `tb_posting` (
  `id_posting` int(11) NOT NULL,
  `title_posting` varchar(255) NOT NULL,
  `kategori_posting` int(11) DEFAULT NULL,
  `konten_posting` text NOT NULL,
  `image_posting` varchar(255) DEFAULT 'default.jpg',
  `ct_posting` datetime NOT NULL DEFAULT CURRENT_TIMESTAMP,
  `ut_posting` datetime NOT NULL,
  `rt_posting` datetime NOT NULL,
  `cb_posting` int(11) NOT NULL,
  `ub_posting` int(11) NOT NULL,
  `rb_posting` int(11) NOT NULL,
  `waktuawal_posting` timestamp NOT NULL DEFAULT CURRENT_TIMESTAMP ON UPDATE CURRENT_TIMESTAMP,
  `active_posting` enum('Y','N','P') NOT NULL DEFAULT 'P'
) ENGINE=MyISAM AUTO_INCREMENT=19 DEFAULT CHARSET=latin1;

--
-- Dumping data untuk tabel `tb_posting`
--

INSERT INTO `tb_posting` (`id_posting`, `title_posting`, `kategori_posting`, `konten_posting`, `image_posting`, `ct_posting`, `ut_posting`, `rt_posting`, `cb_posting`, `ub_posting`, `rb_posting`, `waktuawal_posting`, `active_posting`) VALUES
(1, 'POSTINGAN PERTAMA', NULL, '<p>Lorem ipsum dolor sit amet, consectetur adipiscing elit. Proin ornare est nibh, sed feugiat massa fermentum ut. Curabitur in mollis sapien. Pellentesque habitant morbi tristique senectus et netus et malesuada fames ac turpis egestas. Suspendisse potenti. Fusce viverra nibh id elit molestie scelerisque eu eget arcu. Vestibulum et luctus quam, ac fringilla est. Mauris tincidunt porttitor tristique. Quisque cursus, nibh in dapibus vehicula, felis leo aliquam augue, et sagittis justo nulla eu ipsum.</p>\r\n\r\n<p>Aenean neque ipsum, scelerisque et varius quis, viverra id sapien. Sed sit amet pulvinar ex. Nam condimentum blandit ultricies. Sed suscipit convallis mi tincidunt efficitur. Donec quam leo, aliquet eget molestie nec, aliquam vitae mauris. Duis convallis eros vel justo pretium aliquam. Mauris nec arcu vehicula, faucibus sapien in, placerat purus.</p>\r\n\r\n<p>Mauris interdum feugiat urna, a luctus mi congue id. Lorem ipsum dolor sit amet, consectetur adipiscing elit. Nulla pellentesque pharetra felis, quis fermentum sem euismod id. Praesent ultrices leo in nunc aliquet egestas. Aenean blandit leo eleifend finibus tempor. Etiam vel maximus nisi. Praesent purus erat, convallis id viverra ut, rhoncus nec mauris. Sed sodales urna sit amet magna vestibulum tempor.</p>\r\n\r\n<p>Vivamus scelerisque lacus vel placerat tempor. Etiam lacinia ligula lacus, sagittis molestie nisi porta vel. Pellentesque pharetra hendrerit eleifend. Pellentesque gravida nisi vel ante suscipit ultricies. In tincidunt, leo vel scelerisque mollis, nibh nulla elementum erat, vel lacinia mi nulla vitae felis. Nullam quis lectus lectus. Vestibulum aliquet metus sit amet justo consequat pulvinar. Aliquam ullamcorper orci non nisl ultrices ornare. Donec gravida lacus fringilla ultrices imperdiet. Sed at turpis arcu. Donec rutrum pellentesque sem. Morbi vel risus risus. Aliquam lacinia eu nunc quis finibus. Lorem ipsum dolor sit amet, consectetur adipiscing elit.</p>\r\n\r\n<p>Sed placerat nibh efficitur sem tincidunt rutrum. Maecenas sodales ipsum et turpis ornare, hendrerit placerat tortor aliquet. Praesent consectetur mollis iaculis. Donec facilisis gravida venenatis. Donec faucibus, justo non auctor sagittis, purus tellus posuere justo, sed aliquet libero sem eget ipsum. Vivamus in metus turpis. Praesent posuere metus id tempus semper. Nullam eget lectus auctor, commodo</p>\r\n', '5e2688ef88fcf.png', '2020-01-21 12:15:27', '0000-00-00 00:00:00', '0000-00-00 00:00:00', 11, 0, 0, '2020-01-21 06:30:39', 'N'),
(2, 'POSTINGAN KEDUA', NULL, '<p>Lorem ipsum dolor sit amet, consectetur adipiscing elit. Proin ornare est nibh, sed feugiat massa fermentum ut. Curabitur in mollis sapien. Pellentesque habitant morbi tristique senectus et netus et malesuada fames ac turpis egestas. Suspendisse potenti. Fusce viverra nibh id elit molestie scelerisque eu eget arcu. Vestibulum et luctus quam, ac fringilla est. Mauris tincidunt porttitor tristique. Quisque cursus, nibh in dapibus vehicula, felis leo aliquam augue, et sagittis justo nulla eu ipsum.</p>\r\n\r\n<p>Aenean neque ipsum, scelerisque et varius quis, viverra id sapien. Sed sit amet pulvinar ex. Nam condimentum blandit ultricies. Sed suscipit convallis mi tincidunt efficitur. Donec quam leo, aliquet eget molestie nec, aliquam vitae mauris. Duis convallis eros vel justo pretium aliquam. Mauris nec arcu vehicula, faucibus sapien in, placerat purus.</p>\r\n\r\n<p>Mauris interdum feugiat urna, a luctus mi congue id. Lorem ipsum dolor sit amet, consectetur adipiscing elit. Nulla pellentesque pharetra felis, quis fermentum sem euismod id. Praesent ultrices leo in nunc aliquet egestas. Aenean blandit leo eleifend finibus tempor. Etiam vel maximus nisi. Praesent purus erat, convallis id viverra ut, rhoncus nec mauris. Sed sodales urna sit amet magna vestibulum tempor.</p>\r\n\r\n<p>Vivamus scelerisque lacus vel placerat tempor. Etiam lacinia ligula lacus, sagittis molestie nisi porta vel. Pellentesque pharetra hendrerit eleifend. Pellentesque gravida nisi vel ante suscipit ultricies. In tincidunt, leo vel scelerisque mollis, nibh nulla elementum erat, vel lacinia mi nulla vitae felis. Nullam quis lectus lectus. Vestibulum aliquet metus sit amet justo consequat pulvinar. Aliquam ullamcorper orci non nisl ultrices ornare. Donec gravida lacus fringilla ultrices imperdiet. Sed at turpis arcu. Donec rutrum pellentesque sem. Morbi vel risus risus. Aliquam lacinia eu nunc quis finibus. Lorem ipsum dolor sit amet, consectetur adipiscing elit.</p>\r\n\r\n<p>Sed placerat nibh efficitur sem tincidunt rutrum. Maecenas sodales ipsum et turpis ornare, hendrerit placerat tortor aliquet. Praesent consectetur mollis iaculis. Donec facilisis gravida venenatis. Donec faucibus, justo non auctor sagittis, purus tellus posuere justo, sed aliquet libero sem eget ipsum. Vivamus in metus turpis. Praesent posuere metus id tempus semper. Nullam eget lectus auctor, commodo</p>\r\n', '5e2688f91a329.png', '2020-01-21 12:15:37', '0000-00-00 00:00:00', '0000-00-00 00:00:00', 11, 0, 0, '2020-01-21 06:26:50', 'N'),
(3, 'POSTINGAN KETIGA', NULL, '<p>Lorem ipsum dolor sit amet, consectetur adipiscing elit. Proin ornare est nibh, sed feugiat massa fermentum ut. Curabitur in mollis sapien. Pellentesque habitant morbi tristique senectus et netus et malesuada fames ac turpis egestas. Suspendisse potenti. Fusce viverra nibh id elit molestie scelerisque eu eget arcu. Vestibulum et luctus quam, ac fringilla est. Mauris tincidunt porttitor tristique. Quisque cursus, nibh in dapibus vehicula, felis leo aliquam augue, et sagittis justo nulla eu ipsum.</p>\r\n\r\n<p>Aenean neque ipsum, scelerisque et varius quis, viverra id sapien. Sed sit amet pulvinar ex. Nam condimentum blandit ultricies. Sed suscipit convallis mi tincidunt efficitur. Donec quam leo, aliquet eget molestie nec, aliquam vitae mauris. Duis convallis eros vel justo pretium aliquam. Mauris nec arcu vehicula, faucibus sapien in, placerat purus.</p>\r\n\r\n<p>Mauris interdum feugiat urna, a luctus mi congue id. Lorem ipsum dolor sit amet, consectetur adipiscing elit. Nulla pellentesque pharetra felis, quis fermentum sem euismod id. Praesent ultrices leo in nunc aliquet egestas. Aenean blandit leo eleifend finibus tempor. Etiam vel maximus nisi. Praesent purus erat, convallis id viverra ut, rhoncus nec mauris. Sed sodales urna sit amet magna vestibulum tempor.</p>\r\n\r\n<p>Vivamus scelerisque lacus vel placerat tempor. Etiam lacinia ligula lacus, sagittis molestie nisi porta vel. Pellentesque pharetra hendrerit eleifend. Pellentesque gravida nisi vel ante suscipit ultricies. In tincidunt, leo vel scelerisque mollis, nibh nulla elementum erat, vel lacinia mi nulla vitae felis. Nullam quis lectus lectus. Vestibulum aliquet metus sit amet justo consequat pulvinar. Aliquam ullamcorper orci non nisl ultrices ornare. Donec gravida lacus fringilla ultrices imperdiet. Sed at turpis arcu. Donec rutrum pellentesque sem. Morbi vel risus risus. Aliquam lacinia eu nunc quis finibus. Lorem ipsum dolor sit amet, consectetur adipiscing elit.</p>\r\n\r\n<p>Sed placerat nibh efficitur sem tincidunt rutrum. Maecenas sodales ipsum et turpis ornare, hendrerit placerat tortor aliquet. Praesent consectetur mollis iaculis. Donec facilisis gravida venenatis. Donec faucibus, justo non auctor sagittis, purus tellus posuere justo, sed aliquet libero sem eget ipsum. Vivamus in metus turpis. Praesent posuere metus id tempus semper. Nullam eget lectus auctor, commodo</p>\r\n', '5e2689bf3dffb.png', '2020-01-21 12:18:55', '0000-00-00 00:00:00', '0000-00-00 00:00:00', 11, 0, 0, '2020-01-21 06:27:34', 'N'),
(4, 'POSTINGAN KEEMPAT', NULL, '<p>Lorem ipsum dolor sit amet, consectetur adipiscing elit. Proin ornare est nibh, sed feugiat massa fermentum ut. Curabitur in mollis sapien. Pellentesque habitant morbi tristique senectus et netus et malesuada fames ac turpis egestas. Suspendisse potenti. Fusce viverra nibh id elit molestie scelerisque eu eget arcu. Vestibulum et luctus quam, ac fringilla est. Mauris tincidunt porttitor tristique. Quisque cursus, nibh in dapibus vehicula, felis leo aliquam augue, et sagittis justo nulla eu ipsum.</p>\r\n\r\n<p>Aenean neque ipsum, scelerisque et varius quis, viverra id sapien. Sed sit amet pulvinar ex. Nam condimentum blandit ultricies. Sed suscipit convallis mi tincidunt efficitur. Donec quam leo, aliquet eget molestie nec, aliquam vitae mauris. Duis convallis eros vel justo pretium aliquam. Mauris nec arcu vehicula, faucibus sapien in, placerat purus.</p>\r\n\r\n<p>Mauris interdum feugiat urna, a luctus mi congue id. Lorem ipsum dolor sit amet, consectetur adipiscing elit. Nulla pellentesque pharetra felis, quis fermentum sem euismod id. Praesent ultrices leo in nunc aliquet egestas. Aenean blandit leo eleifend finibus tempor. Etiam vel maximus nisi. Praesent purus erat, convallis id viverra ut, rhoncus nec mauris. Sed sodales urna sit amet magna vestibulum tempor.</p>\r\n\r\n<p>Vivamus scelerisque lacus vel placerat tempor. Etiam lacinia ligula lacus, sagittis molestie nisi porta vel. Pellentesque pharetra hendrerit eleifend. Pellentesque gravida nisi vel ante suscipit ultricies. In tincidunt, leo vel scelerisque mollis, nibh nulla elementum erat, vel lacinia mi nulla vitae felis. Nullam quis lectus lectus. Vestibulum aliquet metus sit amet justo consequat pulvinar. Aliquam ullamcorper orci non nisl ultrices ornare. Donec gravida lacus fringilla ultrices imperdiet. Sed at turpis arcu. Donec rutrum pellentesque sem. Morbi vel risus risus. Aliquam lacinia eu nunc quis finibus. Lorem ipsum dolor sit amet, consectetur adipiscing elit.</p>\r\n\r\n<p>Sed placerat nibh efficitur sem tincidunt rutrum. Maecenas sodales ipsum et turpis ornare, hendrerit placerat tortor aliquet. Praesent consectetur mollis iaculis. Donec facilisis gravida venenatis. Donec faucibus, justo non auctor sagittis, purus tellus posuere justo, sed aliquet libero sem eget ipsum. Vivamus in metus turpis. Praesent posuere metus id tempus semper. Nullam eget lectus auctor, commodo</p>\r\n\r\n<div id="gtx-trans" style="left:-56px; position:absolute; top:-6px">\r\n<div class="gtx-trans-icon">&nbsp;</div>\r\n</div>\r\n', 'default.jpg', '2020-01-21 12:20:40', '0000-00-00 00:00:00', '0000-00-00 00:00:00', 11, 0, 0, '2020-03-25 10:42:53', 'Y'),
(5, 'POSTINGAN KELIMA TANPA GAMBAR', NULL, '<p>Lorem ipsum dolor sit amet, consectetur adipiscing elit. Proin ornare est nibh, sed feugiat massa fermentum ut. Curabitur in mollis sapien. Pellentesque habitant morbi tristique senectus et netus et malesuada fames ac turpis egestas. Suspendisse potenti. Fusce viverra nibh id elit molestie scelerisque eu eget arcu. Vestibulum et luctus quam, ac fringilla est. Mauris tincidunt porttitor tristique. Quisque cursus, nibh in dapibus vehicula, felis leo aliquam augue, et sagittis justo nulla eu ipsum.</p>\r\n\r\n<p>Aenean neque ipsum, scelerisque et varius quis, viverra id sapien. Sed sit amet pulvinar ex. Nam condimentum blandit ultricies. Sed suscipit convallis mi tincidunt efficitur. Donec quam leo, aliquet eget molestie nec, aliquam vitae mauris. Duis convallis eros vel justo pretium aliquam. Mauris nec arcu vehicula, faucibus sapien in, placerat purus.</p>\r\n\r\n<p>Mauris interdum feugiat urna, a luctus mi congue id. Lorem ipsum dolor sit amet, consectetur adipiscing elit. Nulla pellentesque pharetra felis, quis fermentum sem euismod id. Praesent ultrices leo in nunc aliquet egestas. Aenean blandit leo eleifend finibus tempor. Etiam vel maximus nisi. Praesent purus erat, convallis id viverra ut, rhoncus nec mauris. Sed sodales urna sit amet magna vestibulum tempor.</p>\r\n\r\n<p>Vivamus scelerisque lacus vel placerat tempor. Etiam lacinia ligula lacus, sagittis molestie nisi porta vel. Pellentesque pharetra hendrerit eleifend. Pellentesque gravida nisi vel ante suscipit ultricies. In tincidunt, leo vel scelerisque mollis, nibh nulla elementum erat, vel lacinia mi nulla vitae felis. Nullam quis lectus lectus. Vestibulum aliquet metus sit amet justo consequat pulvinar. Aliquam ullamcorper orci non nisl ultrices ornare. Donec gravida lacus fringilla ultrices imperdiet. Sed at turpis arcu. Donec rutrum pellentesque sem. Morbi vel risus risus. Aliquam lacinia eu nunc quis finibus. Lorem ipsum dolor sit amet, consectetur adipiscing elit.</p>\r\n\r\n<p>Sed placerat nibh efficitur sem tincidunt rutrum. Maecenas sodales ipsum et turpis ornare, hendrerit placerat tortor aliquet. Praesent consectetur mollis iaculis. Donec facilisis gravida venenatis. Donec faucibus, justo non auctor sagittis, purus tellus posuere justo, sed aliquet libero sem eget ipsum. Vivamus in metus turpis. Praesent posuere metus id tempus semper. Nullam eget lectus auctor, commodo</p>\r\n', 'default.jpg', '2020-01-21 13:30:58', '0000-00-00 00:00:00', '0000-00-00 00:00:00', 11, 0, 0, '2020-01-21 06:31:13', 'N'),
(6, 'POSTINGAN KEENAM DENGAN GAMBAR', NULL, '<p>Lorem ipsum dolor sit amet, consectetur adipiscing elit. Proin ornare est nibh, sed feugiat massa fermentum ut. Curabitur in mollis sapien. Pellentesque habitant morbi tristique senectus et netus et malesuada fames ac turpis egestas. Suspendisse potenti. Fusce viverra nibh id elit molestie scelerisque eu eget arcu. Vestibulum et luctus quam, ac fringilla est. Mauris tincidunt porttitor tristique. Quisque cursus, nibh in dapibus vehicula, felis leo aliquam augue, et sagittis justo nulla eu ipsum.</p>\r\n\r\n<p>Aenean neque ipsum, scelerisque et varius quis, viverra id sapien. Sed sit amet pulvinar ex. Nam condimentum blandit ultricies. Sed suscipit convallis mi tincidunt efficitur. Donec quam leo, aliquet eget molestie nec, aliquam vitae mauris. Duis convallis eros vel justo pretium aliquam. Mauris nec arcu vehicula, faucibus sapien in, placerat purus.</p>\r\n\r\n<p>Mauris interdum feugiat urna, a luctus mi congue id. Lorem ipsum dolor sit amet, consectetur adipiscing elit. Nulla pellentesque pharetra felis, quis fermentum sem euismod id. Praesent ultrices leo in nunc aliquet egestas. Aenean blandit leo eleifend finibus tempor. Etiam vel maximus nisi. Praesent purus erat, convallis id viverra ut, rhoncus nec mauris. Sed sodales urna sit amet magna vestibulum tempor.</p>\r\n\r\n<p>Vivamus scelerisque lacus vel placerat tempor. Etiam lacinia ligula lacus, sagittis molestie nisi porta vel. Pellentesque pharetra hendrerit eleifend. Pellentesque gravida nisi vel ante suscipit ultricies. In tincidunt, leo vel scelerisque mollis, nibh nulla elementum erat, vel lacinia mi nulla vitae felis. Nullam quis lectus lectus. Vestibulum aliquet metus sit amet justo consequat pulvinar. Aliquam ullamcorper orci non nisl ultrices ornare. Donec gravida lacus fringilla ultrices imperdiet. Sed at turpis arcu. Donec rutrum pellentesque sem. Morbi vel risus risus. Aliquam lacinia eu nunc quis finibus. Lorem ipsum dolor sit amet, consectetur adipiscing elit.</p>\r\n\r\n<p>Sed placerat nibh efficitur sem tincidunt rutrum. Maecenas sodales ipsum et turpis ornare, hendrerit placerat tortor aliquet. Praesent consectetur mollis iaculis. Donec facilisis gravida venenatis. Donec faucibus, justo non auctor sagittis, purus tellus posuere justo, sed aliquet libero sem eget ipsum. Vivamus in metus turpis. Praesent posuere metus id tempus semper. Nullam eget lectus auctor, commodo</p>\r\n', 'default.jpg', '2020-01-21 13:31:05', '0000-00-00 00:00:00', '0000-00-00 00:00:00', 11, 0, 0, '2020-01-21 06:32:44', 'N'),
(7, 'POSTINGAN KEEMPAT', NULL, '<p>Lorem ipsum dolor sit amet, consectetur adipiscing elit. Proin ornare est nibh, sed feugiat massa fermentum ut. Curabitur in mollis sapien. Pellentesque habitant morbi tristique senectus et netus et malesuada fames ac turpis egestas. Suspendisse potenti. Fusce viverra nibh id elit molestie scelerisque eu eget arcu. Vestibulum et luctus quam, ac fringilla est. Mauris tincidunt porttitor tristique. Quisque cursus, nibh in dapibus vehicula, felis leo aliquam augue, et sagittis justo nulla eu ipsum.</p>\r\n\r\n<p>Aenean neque ipsum, scelerisque et varius quis, viverra id sapien. Sed sit amet pulvinar ex. Nam condimentum blandit ultricies. Sed suscipit convallis mi tincidunt efficitur. Donec quam leo, aliquet eget molestie nec, aliquam vitae mauris. Duis convallis eros vel justo pretium aliquam. Mauris nec arcu vehicula, faucibus sapien in, placerat purus.</p>\r\n\r\n<p>Mauris interdum feugiat urna, a luctus mi congue id. Lorem ipsum dolor sit amet, consectetur adipiscing elit. Nulla pellentesque pharetra felis, quis fermentum sem euismod id. Praesent ultrices leo in nunc aliquet egestas. Aenean blandit leo eleifend finibus tempor. Etiam vel maximus nisi. Praesent purus erat, convallis id viverra ut, rhoncus nec mauris. Sed sodales urna sit amet magna vestibulum tempor.</p>\r\n\r\n<p>Vivamus scelerisque lacus vel placerat tempor. Etiam lacinia ligula lacus, sagittis molestie nisi porta vel. Pellentesque pharetra hendrerit eleifend. Pellentesque gravida nisi vel ante suscipit ultricies. In tincidunt, leo vel scelerisque mollis, nibh nulla elementum erat, vel lacinia mi nulla vitae felis. Nullam quis lectus lectus. Vestibulum aliquet metus sit amet justo consequat pulvinar. Aliquam ullamcorper orci non nisl ultrices ornare. Donec gravida lacus fringilla ultrices imperdiet. Sed at turpis arcu. Donec rutrum pellentesque sem. Morbi vel risus risus. Aliquam lacinia eu nunc quis finibus. Lorem ipsum dolor sit amet, consectetur adipiscing elit.</p>\r\n\r\n<p>Sed placerat nibh efficitur sem tincidunt rutrum. Maecenas sodales ipsum et turpis ornare, hendrerit placerat tortor aliquet. Praesent consectetur mollis iaculis. Donec facilisis gravida venenatis. Donec faucibus, justo non auctor sagittis, purus tellus posuere justo, sed aliquet libero sem eget ipsum. Vivamus in metus turpis. Praesent posuere metus id tempus semper. Nullam eget lectus auctor, commodo</p>\r\n', '5e2689bf3dffb.png', '2020-01-21 13:35:20', '0000-00-00 00:00:00', '0000-00-00 00:00:00', 11, 0, 0, '2020-01-21 06:38:59', 'N'),
(8, 'POSTINGAN KELIMA TANPA GAMBAR', NULL, '<p>Lorem ipsum dolor sit amet, consectetur adipiscing elit. Proin ornare est nibh, sed feugiat massa fermentum ut. Curabitur in mollis sapien. Pellentesque habitant morbi tristique senectus et netus et malesuada fames ac turpis egestas. Suspendisse potenti. Fusce viverra nibh id elit molestie scelerisque eu eget arcu. Vestibulum et luctus quam, ac fringilla est. Mauris tincidunt porttitor tristique. Quisque cursus, nibh in dapibus vehicula, felis leo aliquam augue, et sagittis justo nulla eu ipsum.</p>\r\n\r\n<p>Aenean neque ipsum, scelerisque et varius quis, viverra id sapien. Sed sit amet pulvinar ex. Nam condimentum blandit ultricies. Sed suscipit convallis mi tincidunt efficitur. Donec quam leo, aliquet eget molestie nec, aliquam vitae mauris. Duis convallis eros vel justo pretium aliquam. Mauris nec arcu vehicula, faucibus sapien in, placerat purus.</p>\r\n\r\n<p>Mauris interdum feugiat urna, a luctus mi congue id. Lorem ipsum dolor sit amet, consectetur adipiscing elit. Nulla pellentesque pharetra felis, quis fermentum sem euismod id. Praesent ultrices leo in nunc aliquet egestas. Aenean blandit leo eleifend finibus tempor. Etiam vel maximus nisi. Praesent purus erat, convallis id viverra ut, rhoncus nec mauris. Sed sodales urna sit amet magna vestibulum tempor.</p>\r\n\r\n<p>Vivamus scelerisque lacus vel placerat tempor. Etiam lacinia ligula lacus, sagittis molestie nisi porta vel. Pellentesque pharetra hendrerit eleifend. Pellentesque gravida nisi vel ante suscipit ultricies. In tincidunt, leo vel scelerisque mollis, nibh nulla elementum erat, vel lacinia mi nulla vitae felis. Nullam quis lectus lectus. Vestibulum aliquet metus sit amet justo consequat pulvinar. Aliquam ullamcorper orci non nisl ultrices ornare. Donec gravida lacus fringilla ultrices imperdiet. Sed at turpis arcu. Donec rutrum pellentesque sem. Morbi vel risus risus. Aliquam lacinia eu nunc quis finibus. Lorem ipsum dolor sit amet, consectetur adipiscing elit.</p>\r\n\r\n<p>Sed placerat nibh efficitur sem tincidunt rutrum. Maecenas sodales ipsum et turpis ornare, hendrerit placerat tortor aliquet. Praesent consectetur mollis iaculis. Donec facilisis gravida venenatis. Donec faucibus, justo non auctor sagittis, purus tellus posuere justo, sed aliquet libero sem eget ipsum. Vivamus in metus turpis. Praesent posuere metus id tempus semper. Nullam eget lectus auctor, commodo</p>\r\n', 'default.jpg', '2020-01-21 13:35:42', '0000-00-00 00:00:00', '0000-00-00 00:00:00', 11, 0, 0, '2020-03-25 10:42:51', 'P'),
(9, 'POSTINGAN KELIMA TANPA GAMBAR', NULL, '<p>Lorem ipsum dolor sit amet, consectetur adipiscing elit. Proin ornare est nibh, sed feugiat massa fermentum ut. Curabitur in mollis sapien. Pellentesque habitant morbi tristique senectus et netus et malesuada fames ac turpis egestas. Suspendisse potenti. Fusce viverra nibh id elit molestie scelerisque eu eget arcu. Vestibulum et luctus quam, ac fringilla est. Mauris tincidunt porttitor tristique. Quisque cursus, nibh in dapibus vehicula, felis leo aliquam augue, et sagittis justo nulla eu ipsum.</p>\r\n\r\n<p>Aenean neque ipsum, scelerisque et varius quis, viverra id sapien. Sed sit amet pulvinar ex. Nam condimentum blandit ultricies. Sed suscipit convallis mi tincidunt efficitur. Donec quam leo, aliquet eget molestie nec, aliquam vitae mauris. Duis convallis eros vel justo pretium aliquam. Mauris nec arcu vehicula, faucibus sapien in, placerat purus.</p>\r\n\r\n<p>Mauris interdum feugiat urna, a luctus mi congue id. Lorem ipsum dolor sit amet, consectetur adipiscing elit. Nulla pellentesque pharetra felis, quis fermentum sem euismod id. Praesent ultrices leo in nunc aliquet egestas. Aenean blandit leo eleifend finibus tempor. Etiam vel maximus nisi. Praesent purus erat, convallis id viverra ut, rhoncus nec mauris. Sed sodales urna sit amet magna vestibulum tempor.</p>\r\n\r\n<p>Vivamus scelerisque lacus vel placerat tempor. Etiam lacinia ligula lacus, sagittis molestie nisi porta vel. Pellentesque pharetra hendrerit eleifend. Pellentesque gravida nisi vel ante suscipit ultricies. In tincidunt, leo vel scelerisque mollis, nibh nulla elementum erat, vel lacinia mi nulla vitae felis. Nullam quis lectus lectus. Vestibulum aliquet metus sit amet justo consequat pulvinar. Aliquam ullamcorper orci non nisl ultrices ornare. Donec gravida lacus fringilla ultrices imperdiet. Sed at turpis arcu. Donec rutrum pellentesque sem. Morbi vel risus risus. Aliquam lacinia eu nunc quis finibus. Lorem ipsum dolor sit amet, consectetur adipiscing elit.</p>\r\n\r\n<p>Sed placerat nibh efficitur sem tincidunt rutrum. Maecenas sodales ipsum et turpis ornare, hendrerit placerat tortor aliquet. Praesent consectetur mollis iaculis. Donec facilisis gravida venenatis. Donec faucibus, justo non auctor sagittis, purus tellus posuere justo, sed aliquet libero sem eget ipsum. Vivamus in metus turpis. Praesent posuere metus id tempus semper. Nullam eget lectus auctor, commodo</p>\r\n', 'default.jpg', '2020-01-21 13:39:16', '0000-00-00 00:00:00', '0000-00-00 00:00:00', 11, 0, 0, '2020-03-25 10:42:47', 'Y'),
(10, 'POSTINGAN KEENAM DENGAN GAMBAR', NULL, '<p>Lorem ipsum dolor sit amet, consectetur adipiscing elit. Proin ornare est nibh, sed feugiat massa fermentum ut. Curabitur in mollis sapien. Pellentesque habitant morbi tristique senectus et netus et malesuada fames ac turpis egestas. Suspendisse potenti. Fusce viverra nibh id elit molestie scelerisque eu eget arcu. Vestibulum et luctus quam, ac fringilla est. Mauris tincidunt porttitor tristique. Quisque cursus, nibh in dapibus vehicula, felis leo aliquam augue, et sagittis justo nulla eu ipsum.</p>\r\n\r\n<p>Aenean neque ipsum, scelerisque et varius quis, viverra id sapien. Sed sit amet pulvinar ex. Nam condimentum blandit ultricies. Sed suscipit convallis mi tincidunt efficitur. Donec quam leo, aliquet eget molestie nec, aliquam vitae mauris. Duis convallis eros vel justo pretium aliquam. Mauris nec arcu vehicula, faucibus sapien in, placerat purus.</p>\r\n\r\n<p>Mauris interdum feugiat urna, a luctus mi congue id. Lorem ipsum dolor sit amet, consectetur adipiscing elit. Nulla pellentesque pharetra felis, quis fermentum sem euismod id. Praesent ultrices leo in nunc aliquet egestas. Aenean blandit leo eleifend finibus tempor. Etiam vel maximus nisi. Praesent purus erat, convallis id viverra ut, rhoncus nec mauris. Sed sodales urna sit amet magna vestibulum tempor.</p>\r\n\r\n<p>Vivamus scelerisque lacus vel placerat tempor. Etiam lacinia ligula lacus, sagittis molestie nisi porta vel. Pellentesque pharetra hendrerit eleifend. Pellentesque gravida nisi vel ante suscipit ultricies. In tincidunt, leo vel scelerisque mollis, nibh nulla elementum erat, vel lacinia mi nulla vitae felis. Nullam quis lectus lectus. Vestibulum aliquet metus sit amet justo consequat pulvinar. Aliquam ullamcorper orci non nisl ultrices ornare. Donec gravida lacus fringilla ultrices imperdiet. Sed at turpis arcu. Donec rutrum pellentesque sem. Morbi vel risus risus. Aliquam lacinia eu nunc quis finibus. Lorem ipsum dolor sit amet, consectetur adipiscing elit.</p>\r\n\r\n<p>Sed placerat nibh efficitur sem tincidunt rutrum. Maecenas sodales ipsum et turpis ornare, hendrerit placerat tortor aliquet. Praesent consectetur mollis iaculis. Donec facilisis gravida venenatis. Donec faucibus, justo non auctor sagittis, purus tellus posuere justo, sed aliquet libero sem eget ipsum. Vivamus in metus turpis. Praesent posuere metus id tempus semper. Nullam eget lectus auctor, commodo</p>\r\n', 'default.jpg', '2020-01-21 13:39:21', '0000-00-00 00:00:00', '0000-00-00 00:00:00', 11, 0, 0, '2020-03-25 10:42:42', 'Y'),
(11, 'POSTINGAN KEDUA', NULL, '<p>Lorem ipsum dolor sit amet, consectetur adipiscing elit. Proin ornare est nibh, sed feugiat massa fermentum ut. Curabitur in mollis sapien. Pellentesque habitant morbi tristique senectus et netus et malesuada fames ac turpis egestas. Suspendisse potenti. Fusce viverra nibh id elit molestie scelerisque eu eget arcu. Vestibulum et luctus quam, ac fringilla est. Mauris tincidunt porttitor tristique. Quisque cursus, nibh in dapibus vehicula, felis leo aliquam augue, et sagittis justo nulla eu ipsum.</p>\r\n\r\n<p>Aenean neque ipsum, scelerisque et varius quis, viverra id sapien. Sed sit amet pulvinar ex. Nam condimentum blandit ultricies. Sed suscipit convallis mi tincidunt efficitur. Donec quam leo, aliquet eget molestie nec, aliquam vitae mauris. Duis convallis eros vel justo pretium aliquam. Mauris nec arcu vehicula, faucibus sapien in, placerat purus.</p>\r\n\r\n<p>Mauris interdum feugiat urna, a luctus mi congue id. Lorem ipsum dolor sit amet, consectetur adipiscing elit. Nulla pellentesque pharetra felis, quis fermentum sem euismod id. Praesent ultrices leo in nunc aliquet egestas. Aenean blandit leo eleifend finibus tempor. Etiam vel maximus nisi. Praesent purus erat, convallis id viverra ut, rhoncus nec mauris. Sed sodales urna sit amet magna vestibulum tempor.</p>\r\n\r\n<p>Vivamus scelerisque lacus vel placerat tempor. Etiam lacinia ligula lacus, sagittis molestie nisi porta vel. Pellentesque pharetra hendrerit eleifend. Pellentesque gravida nisi vel ante suscipit ultricies. In tincidunt, leo vel scelerisque mollis, nibh nulla elementum erat, vel lacinia mi nulla vitae felis. Nullam quis lectus lectus. Vestibulum aliquet metus sit amet justo consequat pulvinar. Aliquam ullamcorper orci non nisl ultrices ornare. Donec gravida lacus fringilla ultrices imperdiet. Sed at turpis arcu. Donec rutrum pellentesque sem. Morbi vel risus risus. Aliquam lacinia eu nunc quis finibus. Lorem ipsum dolor sit amet, consectetur adipiscing elit.</p>\r\n\r\n<p>Sed placerat nibh efficitur sem tincidunt rutrum. Maecenas sodales ipsum et turpis ornare, hendrerit placerat tortor aliquet. Praesent consectetur mollis iaculis. Donec facilisis gravida venenatis. Donec faucibus, justo non auctor sagittis, purus tellus posuere justo, sed aliquet libero sem eget ipsum. Vivamus in metus turpis. Praesent posuere metus id tempus semper. Nullam eget lectus auctor, commodo</p>\r\n', 'default.jpg', '2020-01-21 13:39:25', '0000-00-00 00:00:00', '0000-00-00 00:00:00', 11, 0, 0, '2020-03-25 10:42:38', 'Y'),
(12, 'POSTINGAN KETIGA', NULL, '<p>Lorem ipsum dolor sit amet, consectetur adipiscing elit. Proin ornare est nibh, sed feugiat massa fermentum ut. Curabitur in mollis sapien. Pellentesque habitant morbi tristique senectus et netus et malesuada fames ac turpis egestas. Suspendisse potenti. Fusce viverra nibh id elit molestie scelerisque eu eget arcu. Vestibulum et luctus quam, ac fringilla est. Mauris tincidunt porttitor tristique. Quisque cursus, nibh in dapibus vehicula, felis leo aliquam augue, et sagittis justo nulla eu ipsum.</p>\r\n\r\n<p>Aenean neque ipsum, scelerisque et varius quis, viverra id sapien. Sed sit amet pulvinar ex. Nam condimentum blandit ultricies. Sed suscipit convallis mi tincidunt efficitur. Donec quam leo, aliquet eget molestie nec, aliquam vitae mauris. Duis convallis eros vel justo pretium aliquam. Mauris nec arcu vehicula, faucibus sapien in, placerat purus.</p>\r\n\r\n<p>Mauris interdum feugiat urna, a luctus mi congue id. Lorem ipsum dolor sit amet, consectetur adipiscing elit. Nulla pellentesque pharetra felis, quis fermentum sem euismod id. Praesent ultrices leo in nunc aliquet egestas. Aenean blandit leo eleifend finibus tempor. Etiam vel maximus nisi. Praesent purus erat, convallis id viverra ut, rhoncus nec mauris. Sed sodales urna sit amet magna vestibulum tempor.</p>\r\n\r\n<p>Vivamus scelerisque lacus vel placerat tempor. Etiam lacinia ligula lacus, sagittis molestie nisi porta vel. Pellentesque pharetra hendrerit eleifend. Pellentesque gravida nisi vel ante suscipit ultricies. In tincidunt, leo vel scelerisque mollis, nibh nulla elementum erat, vel lacinia mi nulla vitae felis. Nullam quis lectus lectus. Vestibulum aliquet metus sit amet justo consequat pulvinar. Aliquam ullamcorper orci non nisl ultrices ornare. Donec gravida lacus fringilla ultrices imperdiet. Sed at turpis arcu. Donec rutrum pellentesque sem. Morbi vel risus risus. Aliquam lacinia eu nunc quis finibus. Lorem ipsum dolor sit amet, consectetur adipiscing elit.</p>\r\n\r\n<p>Sed placerat nibh efficitur sem tincidunt rutrum. Maecenas sodales ipsum et turpis ornare, hendrerit placerat tortor aliquet. Praesent consectetur mollis iaculis. Donec facilisis gravida venenatis. Donec faucibus, justo non auctor sagittis, purus tellus posuere justo, sed aliquet libero sem eget ipsum. Vivamus in metus turpis. Praesent posuere metus id tempus semper. Nullam eget lectus auctor, commodo</p>\r\n', 'default.jpg', '2020-01-21 13:39:31', '0000-00-00 00:00:00', '0000-00-00 00:00:00', 11, 0, 0, '2020-03-25 10:42:36', 'Y'),
(13, 'Sed malesuada arcu nec libero pulvinar rutrum.', NULL, '<p>Itu menjadi salah satu alasan kenapa nggak tertarik dengan teknologi.Tapi aku tak berputus asa, setelah lulus kuliah aku mendalami lagi ketertarikanku akan ilmu komputer dan mulai saat itu aku baru tau yang namanya programming. Awal pertama kali belajar benar-benar bingung sekali dan sulit sekali mengingat semua bahasa pemrograman itu. Aku penasaran kenapa kok aku belum bisa? Ternyata kesalahanku ada dalam cara belajarku aku belajar programming dengan cara mengingat, kalau aku tetap seperti ini mau sampai kapanpun bahasa-bahasa itu tidak akan bisa aku ingat semua.</p>\r\n\r\n<p>Belajar itu bukan menghafal tapi memahami. Jadi aku mulai memahami bagaimana cara kerja program, dari mulai bagaimana website dibuat. Website yang pertama kali aku buat adalah website sekolah menggunakan bahasa pemrograman php, untuk kebutuhan laporan pkl ku. Dari saat itu aku mulai terus menerus belajar lebih banyak tentang pemrograman meskipun pada saat itu aku masih belajar otodidak sampai pada akhirnya temanku mengirim pesan WA. Dia ngasih tau kalau ada program bootcamp arkademy dimana aku bisa belajar programming bersama banyak orang dan dibimbing oleh mentor. Teruntuk temanku yang mengirim pesan WA tentang Arkademy aku ingin mengucapkan banyak terima kasih, kalau saja kamu tidak menginfokannya padaku mungkin aku tidak bisa di titik sekarang ini.</p>\r\n\r\n<p>Dengan masuk ke program bootcamp arkademy aku menaruh harapan yang paling besar melalui arkademy aku berharap bisa mendapatkan pekerjaan di bidang programming dimana selain meningkatkan pengalaman dan skill aku juga bisa mendapatkan uang dari apa yang aku lakukan.</p>\r\n', 'default.jpg', '2020-02-04 14:05:08', '0000-00-00 00:00:00', '0000-00-00 00:00:00', 11, 0, 0, '2020-03-25 10:42:32', 'Y'),
(14, 'C et auctor auctor, ante nulla lacinia leo, max', NULL, '<p>Itu menjadi salah satu alasan kenapa nggak tertarik dengan teknologi.Tapi aku tak berputus asa, setelah lulus kuliah aku mendalami lagi ketertarikanku akan ilmu komputer dan mulai saat itu aku baru tau yang namanya programming. Awal pertama kali belajar benar-benar bingung sekali dan sulit sekali mengingat semua bahasa pemrograman itu. Aku penasaran kenapa kok aku belum bisa? Ternyata kesalahanku ada dalam cara belajarku aku belajar programming dengan cara mengingat, kalau aku tetap seperti ini mau sampai kapanpun bahasa-bahasa itu tidak akan bisa aku ingat semua.</p>\r\n\r\n<p>Belajar itu bukan menghafal tapi memahami. Jadi aku mulai memahami bagaimana cara kerja program, dari mulai bagaimana website dibuat. Website yang pertama kali aku buat adalah website sekolah menggunakan bahasa pemrograman php, untuk kebutuhan laporan pkl ku. Dari saat itu aku mulai terus menerus belajar lebih banyak tentang pemrograman meskipun pada saat itu aku masih belajar otodidak sampai pada akhirnya temanku mengirim pesan WA. Dia ngasih tau kalau ada program bootcamp arkademy dimana aku bisa belajar programming bersama banyak orang dan dibimbing oleh mentor. Teruntuk temanku yang mengirim pesan WA tentang Arkademy aku ingin mengucapkan banyak terima kasih, kalau saja kamu tidak menginfokannya padaku mungkin aku tidak bisa di titik sekarang ini.</p>\r\n\r\n<p>Dengan masuk ke program bootcamp arkademy aku menaruh harapan yang paling besar melalui arkademy aku berharap bisa mendapatkan pekerjaan di bidang programming dimana selain meningkatkan pengalaman dan skill aku juga bisa mendapatkan uang dari apa yang aku lakukan.</p>\r\n', 'default.jpg', '2020-02-04 14:05:16', '0000-00-00 00:00:00', '0000-00-00 00:00:00', 11, 0, 0, '2020-03-25 10:42:29', 'Y'),
(15, 'Curabitur tincidunt congue viverra. Nunc sed tempor nisl,', NULL, '<p>Itu menjadi salah satu alasan kenapa nggak tertarik dengan teknologi.Tapi aku tak berputus asa, setelah lulus kuliah aku mendalami lagi ketertarikanku akan ilmu komputer dan mulai saat itu aku baru tau yang namanya programming. Awal pertama kali belajar benar-benar bingung sekali dan sulit sekali mengingat semua bahasa pemrograman itu. Aku penasaran kenapa kok aku belum bisa? Ternyata kesalahanku ada dalam cara belajarku aku belajar programming dengan cara mengingat, kalau aku tetap seperti ini mau sampai kapanpun bahasa-bahasa itu tidak akan bisa aku ingat semua.</p>\r\n\r\n<p>Belajar itu bukan menghafal tapi memahami. Jadi aku mulai memahami bagaimana cara kerja program, dari mulai bagaimana website dibuat. Website yang pertama kali aku buat adalah website sekolah menggunakan bahasa pemrograman php, untuk kebutuhan laporan pkl ku. Dari saat itu aku mulai terus menerus belajar lebih banyak tentang pemrograman meskipun pada saat itu aku masih belajar otodidak sampai pada akhirnya temanku mengirim pesan WA. Dia ngasih tau kalau ada program bootcamp arkademy dimana aku bisa belajar programming bersama banyak orang dan dibimbing oleh mentor. Teruntuk temanku yang mengirim pesan WA tentang Arkademy aku ingin mengucapkan banyak terima kasih, kalau saja kamu tidak menginfokannya padaku mungkin aku tidak bisa di titik sekarang ini.</p>\r\n\r\n<p>Dengan masuk ke program bootcamp arkademy aku menaruh harapan yang paling besar melalui arkademy aku berharap bisa mendapatkan pekerjaan di bidang programming dimana selain meningkatkan pengalaman dan skill aku juga bisa mendapatkan uang dari apa yang aku lakukan.</p>\r\n', 'default.jpg', '2020-02-04 14:05:34', '0000-00-00 00:00:00', '0000-00-00 00:00:00', 11, 0, 0, '2020-03-25 10:42:25', 'Y'),
(16, 'INI PERCOBAAN', NULL, '<p>Itu menjadi salah satu alasan kenapa nggak tertarik dengan teknologi.Tapi aku tak berputus asa, setelah lulus kuliah aku mendalami lagi ketertarikanku akan ilmu komputer dan mulai saat itu aku baru tau yang namanya programming. Awal pertama kali belajar benar-benar bingung sekali dan sulit sekali mengingat semua bahasa pemrograman itu. Aku penasaran kenapa kok aku belum bisa? Ternyata kesalahanku ada dalam cara belajarku aku belajar programming dengan cara mengingat, kalau aku tetap seperti ini mau sampai kapanpun bahasa-bahasa itu tidak akan bisa aku ingat semua.</p>\r\n\r\n<p>Belajar itu bukan menghafal tapi memahami. Jadi aku mulai memahami bagaimana cara kerja program, dari mulai bagaimana website dibuat. Website yang pertama kali aku buat adalah website sekolah menggunakan bahasa pemrograman php, untuk kebutuhan laporan pkl ku. Dari saat itu aku mulai terus menerus belajar lebih banyak tentang pemrograman meskipun pada saat itu aku masih belajar otodidak sampai pada akhirnya temanku mengirim pesan WA. Dia ngasih tau kalau ada program bootcamp arkademy dimana aku bisa belajar programming bersama banyak orang dan dibimbing oleh mentor. Teruntuk temanku yang mengirim pesan WA tentang Arkademy aku ingin mengucapkan banyak terima kasih, kalau saja kamu tidak menginfokannya padaku mungkin aku tidak bisa di titik sekarang ini.</p>\r\n\r\n<p>Dengan masuk ke program bootcamp arkademy aku menaruh harapan yang paling besar melalui arkademy aku berharap bisa mendapatkan pekerjaan di bidang programming dimana selain meningkatkan pengalaman dan skill aku juga bisa mendapatkan uang dari apa yang aku lakukan.</p>\r\n', 'default.jpg', '2020-02-04 14:06:03', '0000-00-00 00:00:00', '0000-00-00 00:00:00', 11, 0, 0, '2020-03-25 10:42:07', 'Y'),
(17, 'vvvv', NULL, '<p>est</p>\r\n', 'default.jpg', '2020-03-25 17:47:01', '0000-00-00 00:00:00', '0000-00-00 00:00:00', 11, 0, 0, '2020-03-25 10:47:01', 'Y'),
(18, 'auliya', NULL, '<p>bakso</p>\r\n', 'default.jpg', '2020-03-25 17:51:14', '0000-00-00 00:00:00', '0000-00-00 00:00:00', 1, 0, 0, '2020-03-25 10:51:14', 'Y');

-- --------------------------------------------------------

--
-- Struktur dari tabel `tb_ta`
--

CREATE TABLE IF NOT EXISTS `tb_ta` (
  `id_ta` int(11) NOT NULL,
  `kode_ta` varchar(5) NOT NULL,
  `nama_ta` varchar(25) NOT NULL,
  `ket_ta` varchar(255) NOT NULL
) ENGINE=InnoDB AUTO_INCREMENT=2 DEFAULT CHARSET=latin1;

--
-- Dumping data untuk tabel `tb_ta`
--

INSERT INTO `tb_ta` (`id_ta`, `kode_ta`, `nama_ta`, `ket_ta`) VALUES
(1, '20201', 'SKRIPSI 2020', '-');

-- --------------------------------------------------------

--
-- Stand-in structure for view `vw_login`
--
CREATE TABLE IF NOT EXISTS `vw_login` (
`ID` int(11)
,`Login` varchar(10)
,`Password` varchar(10)
,`Level` int(11)
,`Nama` varchar(50)
,`Key` varchar(50)
);

-- --------------------------------------------------------

--
-- Struktur untuk view `vw_login`
--
DROP TABLE IF EXISTS `vw_login`;

CREATE ALGORITHM=UNDEFINED DEFINER=`root`@`localhost` SQL SECURITY DEFINER VIEW `vw_login` AS select `tb_admin`.`id_admin` AS `ID`,`tb_admin`.`Login` AS `Login`,`tb_admin`.`Password` AS `Password`,`tb_admin`.`Level` AS `Level`,`tb_admin`.`nama_admin` AS `Nama`,`tb_admin`.`key_admin` AS `Key` from `tb_admin` where (`tb_admin`.`active_admin` = 'Y') union all select `tb_master`.`id_master` AS `ID`,`tb_master`.`Login` AS `Login`,`tb_master`.`Password` AS `Password`,`tb_master`.`Level` AS `Level`,`tb_master`.`nama_master` AS `Nama`,`tb_master`.`key_master` AS `Key` from `tb_master` where (`tb_master`.`active_master` = 'Y') order by `Login`;

--
-- Indexes for dumped tables
--

--
-- Indexes for table `history_login`
--
ALTER TABLE `history_login`
  ADD PRIMARY KEY (`id_login`);

--
-- Indexes for table `tb_admin`
--
ALTER TABLE `tb_admin`
  ADD PRIMARY KEY (`id_admin`), ADD UNIQUE KEY `user_admin` (`Login`,`key_admin`);

--
-- Indexes for table `tb_alternatif`
--
ALTER TABLE `tb_alternatif`
  ADD PRIMARY KEY (`id_alternatif`);

--
-- Indexes for table `tb_bobot`
--
ALTER TABLE `tb_bobot`
  ADD PRIMARY KEY (`id_bobot`), ADD KEY `kriteria_id` (`kriteria_id`,`alternatif_id`);

--
-- Indexes for table `tb_config`
--
ALTER TABLE `tb_config`
  ADD PRIMARY KEY (`id_config`);

--
-- Indexes for table `tb_faktor`
--
ALTER TABLE `tb_faktor`
  ADD PRIMARY KEY (`id_faktor`);

--
-- Indexes for table `tb_kriteria`
--
ALTER TABLE `tb_kriteria`
  ADD PRIMARY KEY (`id_kriteria`), ADD UNIQUE KEY `kode_kriteria` (`kode_kriteria`), ADD KEY `faktor_id` (`faktor_id`);

--
-- Indexes for table `tb_master`
--
ALTER TABLE `tb_master`
  ADD PRIMARY KEY (`id_master`), ADD UNIQUE KEY `user_master` (`Login`,`key_master`);

--
-- Indexes for table `tb_menu`
--
ALTER TABLE `tb_menu`
  ADD PRIMARY KEY (`id_menu`);

--
-- Indexes for table `tb_photo`
--
ALTER TABLE `tb_photo`
  ADD PRIMARY KEY (`id_photo`), ADD KEY `pemilik_photo` (`pemilik_photo`);

--
-- Indexes for table `tb_photoposting`
--
ALTER TABLE `tb_photoposting`
  ADD PRIMARY KEY (`id_photoposting`);

--
-- Indexes for table `tb_posting`
--
ALTER TABLE `tb_posting`
  ADD PRIMARY KEY (`id_posting`);

--
-- Indexes for table `tb_ta`
--
ALTER TABLE `tb_ta`
  ADD PRIMARY KEY (`id_ta`), ADD UNIQUE KEY `kode_ta` (`kode_ta`);

--
-- AUTO_INCREMENT for dumped tables
--

--
-- AUTO_INCREMENT for table `history_login`
--
ALTER TABLE `history_login`
  MODIFY `id_login` int(11) NOT NULL AUTO_INCREMENT,AUTO_INCREMENT=939;
--
-- AUTO_INCREMENT for table `tb_admin`
--
ALTER TABLE `tb_admin`
  MODIFY `id_admin` int(11) NOT NULL AUTO_INCREMENT,AUTO_INCREMENT=12;
--
-- AUTO_INCREMENT for table `tb_alternatif`
--
ALTER TABLE `tb_alternatif`
  MODIFY `id_alternatif` int(11) NOT NULL AUTO_INCREMENT,AUTO_INCREMENT=4;
--
-- AUTO_INCREMENT for table `tb_bobot`
--
ALTER TABLE `tb_bobot`
  MODIFY `id_bobot` int(11) NOT NULL AUTO_INCREMENT,AUTO_INCREMENT=22;
--
-- AUTO_INCREMENT for table `tb_config`
--
ALTER TABLE `tb_config`
  MODIFY `id_config` int(11) NOT NULL AUTO_INCREMENT,AUTO_INCREMENT=2;
--
-- AUTO_INCREMENT for table `tb_faktor`
--
ALTER TABLE `tb_faktor`
  MODIFY `id_faktor` int(11) NOT NULL AUTO_INCREMENT,AUTO_INCREMENT=3;
--
-- AUTO_INCREMENT for table `tb_kriteria`
--
ALTER TABLE `tb_kriteria`
  MODIFY `id_kriteria` int(11) NOT NULL AUTO_INCREMENT,AUTO_INCREMENT=8;
--
-- AUTO_INCREMENT for table `tb_master`
--
ALTER TABLE `tb_master`
  MODIFY `id_master` int(11) NOT NULL AUTO_INCREMENT,AUTO_INCREMENT=2;
--
-- AUTO_INCREMENT for table `tb_menu`
--
ALTER TABLE `tb_menu`
  MODIFY `id_menu` int(11) NOT NULL AUTO_INCREMENT,AUTO_INCREMENT=13;
--
-- AUTO_INCREMENT for table `tb_photo`
--
ALTER TABLE `tb_photo`
  MODIFY `id_photo` int(11) NOT NULL AUTO_INCREMENT,AUTO_INCREMENT=2;
--
-- AUTO_INCREMENT for table `tb_photoposting`
--
ALTER TABLE `tb_photoposting`
  MODIFY `id_photoposting` int(11) NOT NULL AUTO_INCREMENT,AUTO_INCREMENT=16;
--
-- AUTO_INCREMENT for table `tb_posting`
--
ALTER TABLE `tb_posting`
  MODIFY `id_posting` int(11) NOT NULL AUTO_INCREMENT,AUTO_INCREMENT=19;
--
-- AUTO_INCREMENT for table `tb_ta`
--
ALTER TABLE `tb_ta`
  MODIFY `id_ta` int(11) NOT NULL AUTO_INCREMENT,AUTO_INCREMENT=2;
/*!40101 SET CHARACTER_SET_CLIENT=@OLD_CHARACTER_SET_CLIENT */;
/*!40101 SET CHARACTER_SET_RESULTS=@OLD_CHARACTER_SET_RESULTS */;
/*!40101 SET COLLATION_CONNECTION=@OLD_COLLATION_CONNECTION */;
